-- phpMyAdmin SQL Dump
-- version 4.5.1
-- http://www.phpmyadmin.net
--
-- Host: 127.0.0.1
-- Generation Time: Oct 31, 2018 at 09:58 PM
-- Server version: 10.1.9-MariaDB
-- PHP Version: 7.0.0

SET SQL_MODE = "NO_AUTO_VALUE_ON_ZERO";
SET time_zone = "+00:00";


/*!40101 SET @OLD_CHARACTER_SET_CLIENT=@@CHARACTER_SET_CLIENT */;
/*!40101 SET @OLD_CHARACTER_SET_RESULTS=@@CHARACTER_SET_RESULTS */;
/*!40101 SET @OLD_COLLATION_CONNECTION=@@COLLATION_CONNECTION */;
/*!40101 SET NAMES utf8mb4 */;

--
-- Database: `restapi`
--

-- --------------------------------------------------------

--
-- Table structure for table `migrations`
--

CREATE TABLE `migrations` (
  `id` int(10) UNSIGNED NOT NULL,
  `migration` varchar(191) COLLATE utf8mb4_unicode_ci NOT NULL,
  `batch` int(11) NOT NULL
) ENGINE=InnoDB DEFAULT CHARSET=utf8mb4 COLLATE=utf8mb4_unicode_ci;

--
-- Dumping data for table `migrations`
--

INSERT INTO `migrations` (`id`, `migration`, `batch`) VALUES
(1, '2014_10_12_000000_create_users_table', 1),
(2, '2014_10_12_100000_create_password_resets_table', 1),
(3, '2018_10_31_185045_create_products_table', 1),
(4, '2018_10_31_185217_create_reviews_table', 1);

-- --------------------------------------------------------

--
-- Table structure for table `password_resets`
--

CREATE TABLE `password_resets` (
  `email` varchar(191) COLLATE utf8mb4_unicode_ci NOT NULL,
  `token` varchar(191) COLLATE utf8mb4_unicode_ci NOT NULL,
  `created_at` timestamp NULL DEFAULT NULL
) ENGINE=InnoDB DEFAULT CHARSET=utf8mb4 COLLATE=utf8mb4_unicode_ci;

-- --------------------------------------------------------

--
-- Table structure for table `products`
--

CREATE TABLE `products` (
  `id` int(10) UNSIGNED NOT NULL,
  `name` varchar(191) COLLATE utf8mb4_unicode_ci NOT NULL,
  `details` text COLLATE utf8mb4_unicode_ci NOT NULL,
  `price` int(11) NOT NULL,
  `stock` int(11) NOT NULL,
  `discount` int(11) NOT NULL,
  `created_at` timestamp NULL DEFAULT NULL,
  `updated_at` timestamp NULL DEFAULT NULL
) ENGINE=InnoDB DEFAULT CHARSET=utf8mb4 COLLATE=utf8mb4_unicode_ci;

--
-- Dumping data for table `products`
--

INSERT INTO `products` (`id`, `name`, `details`, `price`, `stock`, `discount`, `created_at`, `updated_at`) VALUES
(1, 'et', 'Est laudantium beatae id illum nesciunt unde est. Magni sunt facere deserunt est qui dolores. Numquam dicta quam impedit sapiente dolorum ipsa sit corrupti.', 209, 9, 4, '2018-10-31 15:21:55', '2018-10-31 15:21:55'),
(2, 'molestias', 'Et soluta et et ipsa. Quae molestias dolores aut voluptatum quisquam.', 835, 2, 27, '2018-10-31 15:21:55', '2018-10-31 15:21:55'),
(3, 'rerum', 'Laboriosam occaecati laborum corporis dolorum. Delectus expedita fuga molestiae est. Qui non fugit inventore cumque ratione magnam. Quo quasi modi nostrum temporibus sunt quo.', 573, 6, 30, '2018-10-31 15:21:55', '2018-10-31 15:21:55'),
(4, 'praesentium', 'Non nulla corporis aliquam fuga vel nesciunt rem. Officia aut aut neque facere. Vel delectus impedit omnis suscipit magnam.', 361, 1, 2, '2018-10-31 15:21:55', '2018-10-31 15:21:55'),
(5, 'nulla', 'Dolores et magni ullam distinctio. Velit odio aut pariatur. Hic cumque aspernatur quis ullam odio.', 846, 8, 12, '2018-10-31 15:21:55', '2018-10-31 15:21:55'),
(6, 'corrupti', 'Ut voluptatibus veritatis deleniti corrupti aperiam quia. Reprehenderit tenetur nulla expedita dolor. Quia quia nihil velit architecto accusantium quia sed autem. Voluptatibus nihil et sit.', 152, 3, 15, '2018-10-31 15:21:55', '2018-10-31 15:21:55'),
(7, 'ad', 'Deserunt exercitationem nihil eum in. Similique et ea numquam earum accusamus cumque ut. Voluptatibus eum perspiciatis perspiciatis vel aspernatur qui. Harum quia harum eveniet quo eius non eveniet.', 849, 1, 2, '2018-10-31 15:21:55', '2018-10-31 15:21:55'),
(8, 'qui', 'Illum deserunt in quis. Architecto earum ut sed explicabo eum aliquid temporibus aperiam. Ut ad aut numquam dolores. Voluptate dicta ut est id ratione est quas reiciendis.', 707, 2, 5, '2018-10-31 15:21:55', '2018-10-31 15:21:55'),
(9, 'ad', 'Velit vitae non ad modi tempora labore sed. Illum aliquid architecto voluptatum pariatur reiciendis voluptatem rerum. Asperiores et mollitia odit asperiores eveniet magni. Adipisci nihil est modi sapiente.', 558, 6, 7, '2018-10-31 15:21:55', '2018-10-31 15:21:55'),
(10, 'praesentium', 'Voluptatibus in enim molestiae. Minima exercitationem atque minima voluptatem velit aut. Voluptatem nobis beatae porro et repellat.', 766, 8, 13, '2018-10-31 15:21:55', '2018-10-31 15:21:55'),
(11, 'dolor', 'Sint doloribus quis veniam placeat. Eum quos iusto quo sequi enim reprehenderit hic. A error quis quia ipsum. Reprehenderit optio sit aut nobis.', 148, 4, 18, '2018-10-31 15:21:56', '2018-10-31 15:21:56'),
(12, 'esse', 'Minima et sapiente dicta delectus. Voluptatem ratione fugit exercitationem pariatur dolor. Tenetur at vel animi voluptate ut velit.', 509, 4, 5, '2018-10-31 15:21:56', '2018-10-31 15:21:56'),
(13, 'quisquam', 'Sunt sit non fugit magni numquam. Voluptas qui est sapiente sequi. Eius aspernatur odit excepturi eos voluptatem iste. Exercitationem officia rerum et nulla qui error numquam.', 483, 5, 7, '2018-10-31 15:21:56', '2018-10-31 15:21:56'),
(14, 'cupiditate', 'Non dicta et qui et recusandae dignissimos aut tempore. Consectetur nihil expedita aliquid odio. Eum sed aperiam aspernatur sequi. Officiis et ut ut harum aspernatur recusandae et.', 268, 0, 13, '2018-10-31 15:21:56', '2018-10-31 15:21:56'),
(15, 'quisquam', 'Asperiores quam occaecati quidem explicabo. Voluptatem neque nisi ex quasi impedit eveniet. Qui ipsa dignissimos repellendus quae. Cum rerum tenetur eius rerum.', 862, 1, 15, '2018-10-31 15:21:56', '2018-10-31 15:21:56'),
(16, 'blanditiis', 'Hic blanditiis soluta sed omnis ut placeat aut. Quae tempora ea provident cupiditate. In corporis exercitationem laborum. Labore ab et ipsam.', 289, 7, 25, '2018-10-31 15:21:56', '2018-10-31 15:21:56'),
(17, 'labore', 'Ea recusandae deleniti consectetur ut. Ut explicabo ut et cupiditate aperiam exercitationem beatae. Laborum rerum eos molestiae numquam omnis doloribus tempore. Dicta qui et non et.', 255, 9, 2, '2018-10-31 15:21:56', '2018-10-31 15:21:56'),
(18, 'quaerat', 'Suscipit aut pariatur amet officia aut et iusto. Beatae totam odio quaerat sed incidunt nesciunt. Repellat et non architecto voluptatem aut veniam vitae. Atque rerum ut reiciendis.', 279, 3, 3, '2018-10-31 15:21:56', '2018-10-31 15:21:56'),
(19, 'cupiditate', 'Ea est eos perferendis eius autem officiis tenetur aut. Eligendi est dolor neque est quia. Voluptatem veritatis consequuntur natus quos consequuntur est.', 970, 1, 3, '2018-10-31 15:21:56', '2018-10-31 15:21:56'),
(20, 'qui', 'Facilis exercitationem distinctio quae omnis odit architecto mollitia. Voluptates cum nihil odio possimus voluptatem nesciunt odio eius. Omnis dolor est et odit at dolorum tempore. Officiis quas vitae quia dolor deleniti.', 174, 3, 12, '2018-10-31 15:21:56', '2018-10-31 15:21:56'),
(21, 'quidem', 'Animi corrupti dignissimos eius blanditiis ducimus velit vel. Magni aut culpa maiores quo sunt repellendus. Ipsam est illum mollitia autem facilis eaque. Ipsam quia rerum illum et voluptatem nulla.', 343, 0, 4, '2018-10-31 15:21:56', '2018-10-31 15:21:56'),
(22, 'aut', 'Aspernatur earum nemo commodi culpa et accusamus dicta omnis. Reprehenderit omnis voluptas ut id natus ut quis dolore. Harum est totam occaecati blanditiis et. Aut sapiente commodi est.', 975, 7, 2, '2018-10-31 15:21:56', '2018-10-31 15:21:56'),
(23, 'fugiat', 'Quia nostrum fugit ipsam enim laboriosam. Aspernatur ipsa vel repudiandae non laborum autem asperiores. Corrupti sunt enim aliquid ut quo. Est ab placeat et error ratione. Cupiditate ea optio voluptatem qui.', 808, 9, 10, '2018-10-31 15:21:56', '2018-10-31 15:21:56'),
(24, 'eius', 'Quas atque est nesciunt. Aperiam sequi non ut. Veritatis ducimus provident perspiciatis consequatur dolor delectus. Veritatis consequatur architecto non veritatis.', 130, 7, 26, '2018-10-31 15:21:56', '2018-10-31 15:21:56'),
(25, 'est', 'Autem explicabo delectus consectetur sint impedit nam nisi. Quia dolorem est nam minima laborum saepe ullam vel. Quo vel dolore ut voluptatem impedit.', 856, 0, 25, '2018-10-31 15:21:56', '2018-10-31 15:21:56'),
(26, 'quod', 'Rerum repellat molestiae corporis ab velit sequi in magni. Ea repellendus qui officiis sint necessitatibus animi animi. Ab qui occaecati deserunt dolorem. Quod iure id laboriosam eligendi molestias.', 874, 9, 27, '2018-10-31 15:21:56', '2018-10-31 15:21:56'),
(27, 'velit', 'Nobis laudantium autem ipsa facere quod. Fugiat quia perferendis similique tenetur necessitatibus voluptatibus. Quis sed ex ut rerum alias ut dolorem quae.', 740, 3, 24, '2018-10-31 15:21:56', '2018-10-31 15:21:56'),
(28, 'sit', 'Veritatis quibusdam qui enim omnis quidem quaerat accusantium. Qui consequuntur rerum non vel harum. Voluptas soluta nihil in aut. Rerum quidem quis atque facere voluptas.', 770, 8, 18, '2018-10-31 15:21:56', '2018-10-31 15:21:56'),
(29, 'magni', 'Laborum laudantium voluptatem blanditiis reiciendis amet sint. Eos rem nostrum autem error consequuntur perspiciatis.', 655, 0, 20, '2018-10-31 15:21:56', '2018-10-31 15:21:56'),
(30, 'aut', 'Neque recusandae corrupti saepe amet voluptates quam. Voluptates sunt id aut eaque delectus ut. Qui sed aut nesciunt adipisci. Ea et velit et. At quo asperiores nulla velit.', 814, 2, 7, '2018-10-31 15:21:56', '2018-10-31 15:21:56'),
(31, 'id', 'Temporibus animi quis nemo voluptatum eius sint voluptatem. Id in et rerum qui molestias. Est excepturi enim dolorem nobis velit. Quis dolor molestiae tenetur cum.', 399, 2, 24, '2018-10-31 15:21:56', '2018-10-31 15:21:56'),
(32, 'quibusdam', 'Quis omnis fugiat distinctio atque ducimus dolores. Fugit optio distinctio quo ipsum molestias. Numquam consequatur praesentium nihil sit eos est.', 582, 6, 23, '2018-10-31 15:21:56', '2018-10-31 15:21:56'),
(33, 'autem', 'Nisi libero quo placeat in omnis dicta. Et provident impedit molestiae temporibus voluptatem odio. Officiis minima iure omnis officiis iure velit molestiae. Exercitationem cum et dolores exercitationem.', 144, 2, 10, '2018-10-31 15:21:56', '2018-10-31 15:21:56'),
(34, 'voluptatum', 'Qui totam provident sapiente omnis delectus porro. Alias officiis dolorem quo error. Quidem rerum alias cupiditate est vitae est.', 359, 8, 29, '2018-10-31 15:21:56', '2018-10-31 15:21:56'),
(35, 'eum', 'Quos voluptatem delectus consectetur esse. Culpa nemo eveniet voluptates nemo. Ipsum qui nesciunt dolorum quia ipsa error qui quos. Ut accusamus et delectus reiciendis.', 651, 4, 2, '2018-10-31 15:21:57', '2018-10-31 15:21:57'),
(36, 'mollitia', 'Et reprehenderit harum qui ducimus expedita dolore. Tenetur sed amet neque ipsa sunt dolore. Rerum ipsa perferendis consequuntur praesentium natus.', 991, 6, 21, '2018-10-31 15:21:57', '2018-10-31 15:21:57'),
(37, 'dolore', 'Delectus quibusdam inventore animi laudantium sed cupiditate. Fugit sint non nemo quae quis enim ad temporibus.', 487, 8, 18, '2018-10-31 15:21:57', '2018-10-31 15:21:57'),
(38, 'ea', 'Nam sapiente est ipsam nostrum. Molestiae repellendus voluptatem quos similique cumque enim molestiae doloribus. Sint veniam non animi rem cumque.', 281, 1, 20, '2018-10-31 15:21:57', '2018-10-31 15:21:57'),
(39, 'dolor', 'Qui et inventore omnis et recusandae exercitationem consequatur. Qui totam ad cum ipsa doloribus omnis ex dolor. Voluptas est dolor deserunt ut inventore accusantium dolores.', 311, 1, 21, '2018-10-31 15:21:57', '2018-10-31 15:21:57'),
(40, 'dolores', 'Quia molestiae sunt asperiores iure. Eum aut officia ipsam dignissimos voluptatibus.', 909, 8, 12, '2018-10-31 15:21:57', '2018-10-31 15:21:57'),
(41, 'aut', 'Facilis esse omnis sit laboriosam accusamus. Veniam adipisci dolor quisquam sit dolore quos. Est vel temporibus expedita beatae. Dolorem natus amet ut est quis quo reprehenderit voluptas.', 225, 6, 28, '2018-10-31 15:21:57', '2018-10-31 15:21:57'),
(42, 'quis', 'Id aut nemo repellendus similique. Et qui ut quia ut dolores voluptate. Omnis est molestiae animi dolorum neque voluptatem quibusdam eius.', 269, 1, 27, '2018-10-31 15:21:57', '2018-10-31 15:21:57'),
(43, 'dolor', 'Dolorem aliquam reiciendis necessitatibus odit itaque quia iure. Dolorem suscipit atque perspiciatis. Porro quidem distinctio nihil rerum ut eveniet ipsa omnis.', 241, 9, 25, '2018-10-31 15:21:57', '2018-10-31 15:21:57'),
(44, 'ipsum', 'Ut itaque beatae commodi sequi. Et eaque minus dolores. Omnis sunt ea modi voluptate. Voluptatem dolores est autem qui quia nisi veniam. Quis velit eos ab et ut unde veritatis.', 519, 0, 15, '2018-10-31 15:21:57', '2018-10-31 15:21:57'),
(45, 'explicabo', 'Delectus optio ab commodi qui sit. Quae autem deserunt similique nulla esse similique repellendus quasi. Enim in consequatur molestiae et id quo.', 719, 9, 18, '2018-10-31 15:21:57', '2018-10-31 15:21:57'),
(46, 'omnis', 'Soluta fuga vero repellendus nobis laborum deserunt consequatur. Commodi magnam repudiandae tempora amet quasi. Accusantium itaque modi repellendus error et impedit pariatur. Aut perspiciatis ut aut totam.', 789, 5, 14, '2018-10-31 15:21:57', '2018-10-31 15:21:57'),
(47, 'nihil', 'Dolor ipsum et exercitationem velit in est. Animi id ipsam aut et enim animi. Magni voluptatem voluptatibus autem et. Incidunt dolorem ipsa deleniti dolore blanditiis voluptatem.', 294, 3, 21, '2018-10-31 15:21:57', '2018-10-31 15:21:57'),
(48, 'blanditiis', 'Quia facilis voluptatum unde explicabo porro sit qui. Tempore error reiciendis tenetur aliquam. Aperiam nihil enim quas. Aut consectetur voluptatem non. Et ut voluptatem molestiae voluptatibus quae ducimus.', 245, 6, 25, '2018-10-31 15:21:57', '2018-10-31 15:21:57'),
(49, 'labore', 'Aliquid fugit excepturi excepturi cupiditate eius. Iusto blanditiis vitae consectetur enim ratione aut. Quos ipsa dolorem non deleniti impedit illum est aliquam. Dolorem sapiente sed sed in.', 573, 8, 12, '2018-10-31 15:21:57', '2018-10-31 15:21:57'),
(50, 'a', 'Culpa qui aut ullam necessitatibus et eos facilis. Reiciendis quo veritatis porro at aut dolorem. Doloribus aliquam cumque voluptatem hic modi quos. At sed dolor et occaecati deserunt praesentium nihil.', 684, 9, 29, '2018-10-31 15:21:57', '2018-10-31 15:21:57');

-- --------------------------------------------------------

--
-- Table structure for table `reviews`
--

CREATE TABLE `reviews` (
  `id` int(10) UNSIGNED NOT NULL,
  `product_id` int(10) UNSIGNED NOT NULL,
  `customer` varchar(191) COLLATE utf8mb4_unicode_ci NOT NULL,
  `review` text COLLATE utf8mb4_unicode_ci NOT NULL,
  `star` int(11) NOT NULL,
  `created_at` timestamp NULL DEFAULT NULL,
  `updated_at` timestamp NULL DEFAULT NULL
) ENGINE=InnoDB DEFAULT CHARSET=utf8mb4 COLLATE=utf8mb4_unicode_ci;

--
-- Dumping data for table `reviews`
--

INSERT INTO `reviews` (`id`, `product_id`, `customer`, `review`, `star`, `created_at`, `updated_at`) VALUES
(1, 22, 'Victor Wilderman II', 'Iusto eum voluptatem veritatis est aspernatur accusantium. Laudantium accusantium est similique in aut voluptas. Et illo vitae modi rem dolore praesentium earum voluptatem.', 1, '2018-10-31 15:22:01', '2018-10-31 15:22:01'),
(2, 40, 'Randi Jakubowski', 'Fugiat est officiis assumenda et laudantium. Ut adipisci labore est quae eos et. Explicabo veniam qui quae tenetur harum ut.', 5, '2018-10-31 15:22:01', '2018-10-31 15:22:01'),
(3, 42, 'Laney Torp', 'Delectus repellat quibusdam nihil rem et quaerat. Et dolorem eos culpa reprehenderit. Et est quo incidunt nam. Sit laboriosam nihil itaque sequi animi ipsum minus.', 4, '2018-10-31 15:22:01', '2018-10-31 15:22:01'),
(4, 37, 'Miss Natalia McGlynn PhD', 'Dolor nesciunt est voluptate quia consectetur fuga nam voluptatem. Et omnis molestiae fugiat in laboriosam esse. Delectus tempora fuga et voluptas sunt autem aut. Eaque quod animi harum nihil quia.', 0, '2018-10-31 15:22:02', '2018-10-31 15:22:02'),
(5, 22, 'Dr. Frances Hilpert', 'Delectus repellendus error fugiat reiciendis delectus dolores. Recusandae fugiat aut delectus ut officia facilis. Vitae minima culpa odio exercitationem voluptatem impedit accusamus.', 1, '2018-10-31 15:22:02', '2018-10-31 15:22:02'),
(6, 1, 'Kirk Kihn', 'Soluta quos porro animi ut. Quo temporibus ipsam dolor odit aliquam soluta non. Dignissimos esse nobis nisi qui.', 5, '2018-10-31 15:22:02', '2018-10-31 15:22:02'),
(7, 45, 'Prof. Delaney Pacocha', 'Dolorem nobis reprehenderit adipisci eveniet repellat corporis enim delectus. Aspernatur non perferendis et repellat iusto. Sunt dicta aliquid vero voluptas. Est consequatur rerum distinctio ut cupiditate asperiores.', 3, '2018-10-31 15:22:02', '2018-10-31 15:22:02'),
(8, 1, 'Dr. Fredy Toy DVM', 'Laboriosam veritatis maxime ad et aut et nesciunt voluptas. Accusantium excepturi tempora vel ducimus ea. Et qui reprehenderit accusamus omnis. Fugiat maxime autem qui ratione sapiente aut eveniet.', 3, '2018-10-31 15:22:02', '2018-10-31 15:22:02'),
(9, 40, 'Kaylie Spinka PhD', 'Est dolor repudiandae reiciendis. Tempore reiciendis quis animi voluptatibus. Ut nulla architecto autem maxime quisquam. Et magni ipsam ea adipisci aut nesciunt.', 3, '2018-10-31 15:22:02', '2018-10-31 15:22:02'),
(10, 25, 'Janice Bruen', 'Ipsa nam dicta quos ipsam molestiae adipisci. Nisi totam sit pariatur animi non ut velit. Aut occaecati quia quo reiciendis est.', 4, '2018-10-31 15:22:02', '2018-10-31 15:22:02'),
(11, 20, 'Alphonso Cremin IV', 'Voluptates est enim ut id non. Dolorem deserunt aspernatur eum soluta aspernatur.', 5, '2018-10-31 15:22:02', '2018-10-31 15:22:02'),
(12, 25, 'Dr. Reymundo Baumbach I', 'Molestiae culpa quos et et. Velit voluptate eligendi eaque sed. Iste et vel quidem non corrupti et vel. Asperiores rerum repudiandae sequi magni nihil ut sunt in.', 4, '2018-10-31 15:22:02', '2018-10-31 15:22:02'),
(13, 5, 'Kayden Russel V', 'Itaque quasi quam illum ab. Distinctio provident aliquid saepe aut omnis cum repellendus. Occaecati quibusdam officiis doloribus aut. Pariatur suscipit ut quam molestiae ut. Maiores adipisci aperiam facilis assumenda quia.', 0, '2018-10-31 15:22:02', '2018-10-31 15:22:02'),
(14, 13, 'Karlee Goodwin', 'Asperiores placeat ut velit quia hic eum. Voluptate aut et cumque molestias quos. Eos et maxime amet autem sint enim nihil.', 1, '2018-10-31 15:22:02', '2018-10-31 15:22:02'),
(15, 38, 'Dominic Walker III', 'Ut vel temporibus eum in dignissimos ex. Tempora ducimus quibusdam saepe. Similique quisquam molestiae laboriosam aut esse ut. Illo similique velit veniam.', 3, '2018-10-31 15:22:02', '2018-10-31 15:22:02'),
(16, 42, 'Bailey Fay IV', 'Molestiae officiis molestias dolorum ipsam ratione odit. Omnis amet consequatur vitae minus qui ipsum quia. Fuga sit aut praesentium ipsam enim temporibus aperiam dolore. Enim ullam aut laborum est ut et cupiditate.', 1, '2018-10-31 15:22:02', '2018-10-31 15:22:02'),
(17, 42, 'Demond Lesch', 'Quam corrupti omnis nam architecto recusandae. Aperiam expedita beatae dolores vel illum nulla dolorum. Ut blanditiis architecto aut eligendi maxime in. Est deserunt sed sed odit molestias sit numquam. Sunt sint qui facere.', 5, '2018-10-31 15:22:02', '2018-10-31 15:22:02'),
(18, 15, 'Lela Stiedemann', 'Eveniet aut ratione fugit accusantium voluptatem. Cumque suscipit excepturi et fugit totam saepe velit. Cumque unde veniam eum expedita. Aspernatur repellat dolor sit error.', 5, '2018-10-31 15:22:02', '2018-10-31 15:22:02'),
(19, 40, 'Prof. Lia Jones', 'Quis magni deleniti dolore ipsa aut impedit vitae. Sunt saepe recusandae consequatur fugit eum itaque deleniti. Minima sit voluptatem est quidem inventore facere impedit. Ullam dolorem dolor aut in. Ab sed aspernatur at non qui omnis.', 1, '2018-10-31 15:22:02', '2018-10-31 15:22:02'),
(20, 20, 'Camilla Rice I', 'Ut fuga minus consequatur officiis voluptatem corporis. Ea perspiciatis ullam a magnam quisquam qui. Quis sint esse laborum rerum et.', 0, '2018-10-31 15:22:02', '2018-10-31 15:22:02'),
(21, 44, 'Dr. Granville Treutel MD', 'Illo et rerum ut laudantium eos voluptas placeat. Est nam nihil consequuntur iste. Autem deleniti incidunt blanditiis.', 3, '2018-10-31 15:22:02', '2018-10-31 15:22:02'),
(22, 8, 'Frankie Kuhlman', 'Maxime voluptatum et laudantium. Voluptas numquam consequuntur commodi error. Eveniet harum ut tempora ea.', 4, '2018-10-31 15:22:03', '2018-10-31 15:22:03'),
(23, 50, 'Gianni Kessler IV', 'Amet impedit blanditiis molestias eveniet voluptate sed qui. Fugit quod non quae repellendus ut maxime fugit. Est sit asperiores quia soluta et.', 3, '2018-10-31 15:22:03', '2018-10-31 15:22:03'),
(24, 25, 'Kennedi Kassulke II', 'Sapiente vero eaque quia consectetur vero. Est voluptatibus non recusandae omnis.', 3, '2018-10-31 15:22:03', '2018-10-31 15:22:03'),
(25, 47, 'Jennie Kuvalis', 'Rerum necessitatibus occaecati impedit ex. Ut eum assumenda minima provident est harum. Ut eaque optio recusandae nihil voluptas maxime nam quidem. Rerum unde dolores quisquam molestiae.', 0, '2018-10-31 15:22:03', '2018-10-31 15:22:03'),
(26, 21, 'Houston Rogahn', 'Veniam nulla incidunt quisquam consectetur. Est ipsam vero eius labore. Aut esse vero consequatur et sed repudiandae. Debitis eos hic similique voluptatibus est enim aut.', 3, '2018-10-31 15:22:03', '2018-10-31 15:22:03'),
(27, 33, 'Alvah Mertz', 'Necessitatibus rerum aut recusandae nihil iure incidunt occaecati. Provident quis magnam quos blanditiis. Vero maiores corrupti excepturi vel distinctio et nisi.', 0, '2018-10-31 15:22:03', '2018-10-31 15:22:03'),
(28, 46, 'Tate Nader', 'Blanditiis qui quo enim voluptate voluptate provident et. Magni quis voluptatibus atque voluptates. Deleniti omnis pariatur beatae quia perferendis facere cupiditate. Sunt minima incidunt recusandae eum velit numquam quaerat.', 5, '2018-10-31 15:22:03', '2018-10-31 15:22:03'),
(29, 19, 'Kareem Langosh', 'Sequi et alias consequuntur. A eligendi animi et itaque explicabo velit. Quo quos et officia culpa harum.', 4, '2018-10-31 15:22:03', '2018-10-31 15:22:03'),
(30, 23, 'Dr. Kitty Gerlach V', 'Autem quo culpa modi praesentium corporis. Id voluptas aut eveniet expedita. Ut culpa sint dicta distinctio libero.', 0, '2018-10-31 15:22:03', '2018-10-31 15:22:03'),
(31, 18, 'Kendra Rau', 'At cupiditate cumque temporibus ut. Libero est ut eos. Id voluptates voluptas consequuntur recusandae.', 0, '2018-10-31 15:22:03', '2018-10-31 15:22:03'),
(32, 42, 'Emmalee Klein', 'Odit eligendi quo itaque. Eum sint et adipisci debitis qui totam. Aperiam quo qui in mollitia facere officiis. Et earum eum asperiores officia ut non sed.', 2, '2018-10-31 15:22:03', '2018-10-31 15:22:03'),
(33, 40, 'Mr. Major Franecki III', 'Praesentium nostrum voluptatum maxime beatae doloremque et occaecati inventore. Aliquid laudantium odit ut quo blanditiis amet explicabo. Omnis ducimus itaque dicta et optio. Laboriosam aut ratione ea non sint odio ullam. Quod hic dolores praesentium aut sed id.', 4, '2018-10-31 15:22:03', '2018-10-31 15:22:03'),
(34, 45, 'Marlee Murphy', 'Aspernatur voluptatem ad aliquam a quia. Culpa tenetur nesciunt aspernatur non et cum. Dignissimos quae ut voluptas quo.', 2, '2018-10-31 15:22:03', '2018-10-31 15:22:03'),
(35, 45, 'Anjali Medhurst', 'Est in beatae modi dolores exercitationem. Esse et unde veniam nobis. Sit fugiat voluptatum aut sequi soluta sit. Porro ea consectetur distinctio quia sunt quo rerum.', 3, '2018-10-31 15:22:03', '2018-10-31 15:22:03'),
(36, 50, 'Dr. Aletha McLaughlin', 'Qui doloremque quasi rerum dolorem omnis sit. Minima quidem aliquid explicabo aut. Esse vero consectetur earum totam veritatis nihil sint. Corporis velit veritatis eligendi aut atque ea ullam.', 2, '2018-10-31 15:22:03', '2018-10-31 15:22:03'),
(37, 48, 'Bette Mueller', 'Illo id rerum dolores autem. Possimus id est modi aut tempore velit. Sed tempora dolor est corporis quod.', 4, '2018-10-31 15:22:03', '2018-10-31 15:22:03'),
(38, 43, 'Merritt Muller IV', 'Autem consequatur voluptatibus qui ducimus. Et qui doloremque nesciunt voluptatem voluptatibus. Sunt velit possimus ut quae. Accusantium officiis aliquam suscipit ut aut neque.', 2, '2018-10-31 15:22:03', '2018-10-31 15:22:03'),
(39, 8, 'Pasquale Hudson', 'Animi soluta et a porro occaecati aliquam. Sed facilis doloribus voluptatem modi soluta. Delectus voluptatem illum atque et.', 0, '2018-10-31 15:22:03', '2018-10-31 15:22:03'),
(40, 14, 'Tony Lemke Sr.', 'Saepe odio quo velit quas tenetur alias quis. Deserunt est architecto odio. Et aut et doloribus dolorem ut. Odio velit non enim. At quam aspernatur doloribus voluptas ut.', 4, '2018-10-31 15:22:03', '2018-10-31 15:22:03'),
(41, 4, 'Julia Lynch', 'Doloribus labore neque et eos qui aut harum. At fugiat saepe rem doloremque esse et ea. Repellendus dignissimos reprehenderit quo harum. Delectus est praesentium repudiandae architecto ab. Ad minus nulla et eos aut ullam.', 1, '2018-10-31 15:22:03', '2018-10-31 15:22:03'),
(42, 19, 'Dr. Citlalli Greenholt', 'Fugit eligendi alias provident dolor ex voluptate. Sapiente voluptatem inventore rerum sit. Laboriosam beatae accusamus officiis dolorum. Assumenda sed corporis autem autem ut.', 5, '2018-10-31 15:22:03', '2018-10-31 15:22:03'),
(43, 37, 'Maxine Kuphal', 'Esse est asperiores possimus. Quasi est expedita et provident delectus. Amet repudiandae fugiat qui quia.', 4, '2018-10-31 15:22:03', '2018-10-31 15:22:03'),
(44, 38, 'Dejah Moore', 'Quis qui iusto sed dolores occaecati esse fugit. Aut voluptatem et fugit excepturi in enim velit. Non voluptatem incidunt temporibus id sed.', 1, '2018-10-31 15:22:03', '2018-10-31 15:22:03'),
(45, 4, 'Miss Ernestine O''Connell', 'Ullam unde dicta nihil facere. Quasi consequatur cum perspiciatis hic adipisci quaerat perferendis vero. Alias exercitationem aut sit quidem adipisci deleniti qui enim. Praesentium distinctio excepturi ipsam soluta est.', 0, '2018-10-31 15:22:03', '2018-10-31 15:22:03'),
(46, 17, 'Justice Medhurst', 'Quam sint ipsa necessitatibus voluptatem dolorem ullam. Perspiciatis eveniet deleniti aliquid non quam omnis velit. Consectetur vitae aut sed sit nemo dicta. Repellat voluptates et asperiores et distinctio itaque. Id rerum et dolorem fuga.', 1, '2018-10-31 15:22:03', '2018-10-31 15:22:03'),
(47, 4, 'Prof. Ottilie Goyette DVM', 'Aut voluptatibus et repellat harum. Est error qui quaerat voluptatem. Optio inventore aut laborum optio accusamus est.', 0, '2018-10-31 15:22:03', '2018-10-31 15:22:03'),
(48, 19, 'Jeremie Walsh', 'Illo doloribus facere quis alias vel qui fugiat provident. Dolor aut molestias doloremque ut. Neque numquam rem accusamus aut ratione accusamus qui. Facere quas quos fugit harum enim.', 0, '2018-10-31 15:22:03', '2018-10-31 15:22:03'),
(49, 32, 'Alexis Ruecker', 'Vero expedita aut qui itaque nesciunt harum voluptatem est. Esse minima ipsum officia necessitatibus. Perspiciatis omnis sequi quibusdam. Est sit rem blanditiis sed. Vitae eum excepturi impedit consequuntur nemo.', 4, '2018-10-31 15:22:04', '2018-10-31 15:22:04'),
(50, 7, 'Aiyana Lang', 'Vel aut voluptates odit. Voluptatem nam qui nihil quod. Quo voluptatum debitis odit vel illum quibusdam.', 2, '2018-10-31 15:22:04', '2018-10-31 15:22:04'),
(51, 14, 'Leora Goodwin', 'Provident velit consequatur architecto voluptatibus. Magni deleniti voluptatem veniam.', 1, '2018-10-31 15:22:04', '2018-10-31 15:22:04'),
(52, 25, 'Dr. Alessandro Douglas', 'Nostrum unde consequatur voluptatem. Molestiae eligendi sit delectus vel ut voluptatem necessitatibus sed. Soluta eos corporis dolores nobis perferendis nihil nobis. Facilis consequatur excepturi enim nobis sit ipsa. Nostrum sit et reprehenderit veritatis dolores nam qui.', 5, '2018-10-31 15:22:04', '2018-10-31 15:22:04'),
(53, 7, 'Marian Kuphal V', 'Aut accusantium consequatur consequatur debitis eveniet rerum. Aut consequuntur qui ut et delectus. Et in doloribus nobis quae eum voluptate odit. Rerum laboriosam quidem soluta omnis architecto facere.', 3, '2018-10-31 15:22:04', '2018-10-31 15:22:04'),
(54, 28, 'Dr. Giovanni Schultz Jr.', 'Ea vel iste unde et ipsam. Earum ex ut accusantium labore nam amet. Consequatur porro deserunt dolor voluptatem corrupti omnis labore. Ut mollitia facere nulla aut.', 3, '2018-10-31 15:22:04', '2018-10-31 15:22:04'),
(55, 6, 'Dr. Johnathon Mills DVM', 'Non inventore veniam ut nemo ut suscipit quaerat natus. Ipsam iusto recusandae minima suscipit. Qui doloremque et et tenetur. Fugiat repellat fuga hic dolor perferendis.', 0, '2018-10-31 15:22:04', '2018-10-31 15:22:04'),
(56, 8, 'Prof. Jacey Waelchi III', 'Ut ea rerum dignissimos adipisci dolor voluptatem. Nihil sed atque in sint aut. Sed sed natus rem accusantium eos earum velit aspernatur. Earum et iusto est sapiente beatae.', 2, '2018-10-31 15:22:04', '2018-10-31 15:22:04'),
(57, 6, 'Julius Boehm', 'Soluta alias accusamus voluptas sunt nulla quod omnis. Maiores cumque quos dicta possimus est nulla. Ratione adipisci error delectus itaque sunt autem laborum. Dolor facilis numquam eum accusantium blanditiis.', 1, '2018-10-31 15:22:04', '2018-10-31 15:22:04'),
(58, 14, 'Dominic Mante', 'Omnis vel sit dolorum ex eius deserunt voluptatem. Possimus voluptas quos eaque temporibus. Nam dignissimos sit aperiam. Sit hic eum laudantium in est debitis occaecati enim.', 3, '2018-10-31 15:22:04', '2018-10-31 15:22:04'),
(59, 48, 'Michelle Casper', 'Rem nisi non ipsam dignissimos nesciunt aliquid id saepe. In atque quae animi vel. Recusandae aspernatur ut et ipsam.', 0, '2018-10-31 15:22:04', '2018-10-31 15:22:04'),
(60, 37, 'Lincoln Littel', 'Unde sit temporibus quia fugiat est et ipsa. Culpa est quae dolorum. Excepturi ut quo nam. Tempore eos itaque sed ex recusandae architecto odio.', 5, '2018-10-31 15:22:04', '2018-10-31 15:22:04'),
(61, 46, 'Anastacio Nikolaus III', 'Aut sunt officia debitis a dolor officiis cum. Qui consequatur veritatis voluptates quis exercitationem praesentium modi. Ipsam temporibus vitae consequatur.', 1, '2018-10-31 15:22:04', '2018-10-31 15:22:04'),
(62, 40, 'Jaycee Price', 'Dolorem consequuntur sunt ullam at sit error. Sint repellat dolorum voluptas. Sit deleniti quia et aut odit.', 5, '2018-10-31 15:22:04', '2018-10-31 15:22:04'),
(63, 47, 'Kristofer Hartmann II', 'Corrupti quas natus laboriosam dicta dolorem. Quo eos a est ab sit similique. Excepturi provident est nam rerum.', 1, '2018-10-31 15:22:04', '2018-10-31 15:22:04'),
(64, 15, 'Ms. Theresa Schroeder MD', 'Sit sequi libero nobis minus. Quod aperiam eos qui vel dolorem. Unde qui unde impedit blanditiis earum autem earum dolores.', 2, '2018-10-31 15:22:04', '2018-10-31 15:22:04'),
(65, 38, 'Rodolfo Bergstrom DVM', 'Veritatis et laudantium consequatur quam quo unde. Voluptatem dignissimos sed blanditiis illo ipsum iusto facere. Dicta dolorem architecto reprehenderit dolor autem qui. Ipsam veritatis vel saepe explicabo voluptate est.', 5, '2018-10-31 15:22:04', '2018-10-31 15:22:04'),
(66, 33, 'Rogelio Franecki', 'Distinctio voluptate placeat aperiam eligendi. Culpa pariatur libero ut in et quidem. Et ut eos alias dolorem occaecati. Officia nihil aut aspernatur ea omnis.', 3, '2018-10-31 15:22:04', '2018-10-31 15:22:04'),
(67, 48, 'Frankie Jacobs', 'Rerum non velit praesentium officiis accusantium qui et. Fugit optio deleniti nihil enim voluptatem quas. Id ut eius iure iusto. Voluptatem quia harum rerum est.', 4, '2018-10-31 15:22:04', '2018-10-31 15:22:04'),
(68, 22, 'Walter Ankunding', 'Tempore similique rerum repudiandae animi voluptatem voluptatum. Dolore adipisci rerum delectus. Voluptatem delectus commodi nihil error aut ea enim perferendis. Nam doloremque facere autem non.', 0, '2018-10-31 15:22:04', '2018-10-31 15:22:04'),
(69, 45, 'Mrs. Aurelia Franecki', 'Vel tempora veritatis nulla rem. Voluptas voluptatem sint velit et at quia nulla. Reprehenderit veritatis alias repellendus. Velit error et est aut eum.', 2, '2018-10-31 15:22:04', '2018-10-31 15:22:04'),
(70, 30, 'Mr. Uriah Will', 'Ipsam autem similique non nisi. Nihil fugit eum assumenda et beatae eveniet. Suscipit odio et et et laboriosam itaque quo assumenda.', 5, '2018-10-31 15:22:04', '2018-10-31 15:22:04'),
(71, 5, 'Thaddeus Hoppe', 'Repudiandae enim vel optio illum quis. Eius harum incidunt est excepturi ducimus error. Quas distinctio exercitationem eaque quod perferendis itaque. Fuga qui ut libero repudiandae.', 1, '2018-10-31 15:22:04', '2018-10-31 15:22:04'),
(72, 49, 'Sterling Von', 'Dolorem sit necessitatibus blanditiis ea. Ipsam voluptatem quia qui et harum exercitationem voluptate. Nihil quae quod quibusdam doloribus labore earum laudantium.', 2, '2018-10-31 15:22:04', '2018-10-31 15:22:04'),
(73, 40, 'Daphney Leuschke', 'Impedit nobis sed eaque enim. Non ut occaecati facilis repellat delectus eveniet molestias. Accusamus sapiente asperiores dignissimos et sequi iste.', 3, '2018-10-31 15:22:04', '2018-10-31 15:22:04'),
(74, 44, 'Ms. Elizabeth Lowe II', 'Recusandae sequi voluptatem omnis molestias molestiae aut temporibus. Veniam recusandae qui porro ullam. Quia qui sunt saepe sapiente nihil quos rerum. Earum consequatur neque totam facere optio.', 4, '2018-10-31 15:22:05', '2018-10-31 15:22:05'),
(75, 44, 'Holly Bechtelar V', 'Soluta nihil aut a aut et. Est in magnam fugit voluptates voluptatem.', 1, '2018-10-31 15:22:05', '2018-10-31 15:22:05'),
(76, 27, 'Mr. Russ Toy', 'Quibusdam qui debitis et. Libero reprehenderit possimus nisi quas. Ut earum vel neque earum. Saepe iusto eaque quibusdam et et necessitatibus.', 2, '2018-10-31 15:22:05', '2018-10-31 15:22:05'),
(77, 34, 'Mr. Jerod Williamson IV', 'Tenetur minima suscipit maxime doloremque laborum. Officiis voluptatem accusantium blanditiis alias voluptatem. Delectus reiciendis ducimus aspernatur nisi laborum et et. Officiis rerum explicabo est ex similique voluptate dignissimos nostrum.', 1, '2018-10-31 15:22:05', '2018-10-31 15:22:05'),
(78, 32, 'Prof. Amy Heidenreich V', 'Cumque iure eius ut quam. Amet dicta quis sit qui temporibus libero vero. Mollitia veniam odio libero repellat. Cupiditate sunt voluptatum qui soluta.', 3, '2018-10-31 15:22:05', '2018-10-31 15:22:05'),
(79, 29, 'Merl McCullough Jr.', 'Maiores aut voluptatem deserunt. Perferendis voluptate cumque distinctio illum. Magnam sapiente magnam inventore sed ullam vitae. Sint deserunt explicabo dicta maiores quis esse consequatur.', 1, '2018-10-31 15:22:05', '2018-10-31 15:22:05'),
(80, 11, 'Jaylen Boyle', 'Unde animi corporis ut cum aut ut ut. Voluptatibus repellat quia amet rerum quasi sit error. Beatae nisi est sed. Autem recusandae expedita eos quo.', 4, '2018-10-31 15:22:05', '2018-10-31 15:22:05'),
(81, 25, 'Keyon Mayer', 'Et dolorem et harum veritatis blanditiis reiciendis. Quia perferendis enim illum rem atque. Perferendis commodi dolor alias velit neque pariatur quam.', 4, '2018-10-31 15:22:05', '2018-10-31 15:22:05'),
(82, 28, 'Prof. Citlalli Kling', 'Voluptate quia et rem eius voluptas cumque. Modi aut libero quisquam necessitatibus ut. Placeat explicabo quas incidunt nulla aperiam aliquam quod. Est non aut unde dolores sint blanditiis soluta.', 5, '2018-10-31 15:22:05', '2018-10-31 15:22:05'),
(83, 17, 'Prof. Astrid Leffler DDS', 'Voluptatem explicabo quia recusandae non. Nam molestiae tempora et est velit. Ut autem dolorem nam facere nam provident. Quasi ab iusto nulla. Enim laborum odit non ut fuga quae recusandae eius.', 1, '2018-10-31 15:22:05', '2018-10-31 15:22:05'),
(84, 42, 'Reanna Ernser', 'Et et nisi dicta dolorem. Voluptate quisquam perspiciatis quos dolores omnis dolorem. Et explicabo voluptatem tempora et. Corporis dignissimos enim odio rerum.', 5, '2018-10-31 15:22:05', '2018-10-31 15:22:05'),
(85, 14, 'Prof. Winifred Hermann PhD', 'Deleniti ab aut et. Est omnis nulla consequuntur qui repudiandae quidem a. Labore doloribus odit laboriosam nihil cupiditate. Reiciendis nostrum quaerat consequatur.', 4, '2018-10-31 15:22:05', '2018-10-31 15:22:05'),
(86, 43, 'Elwin Watsica', 'Quae iure et quo quis voluptas. Sequi et qui iste et voluptatibus. In sit hic consequatur possimus tempore quidem similique. Sit odit consequuntur illo at voluptatem laborum similique. Quis quam incidunt minus aut.', 0, '2018-10-31 15:22:05', '2018-10-31 15:22:05'),
(87, 7, 'Grover Metz', 'Accusamus unde eius ut a praesentium. Quae aperiam ut quia.', 1, '2018-10-31 15:22:05', '2018-10-31 15:22:05'),
(88, 11, 'Demetrius Kuhic', 'Deleniti minima magnam et asperiores aspernatur soluta. Sunt doloribus voluptates explicabo voluptates. Ut qui suscipit voluptatem ea velit harum.', 1, '2018-10-31 15:22:05', '2018-10-31 15:22:05'),
(89, 13, 'Angel Medhurst', 'Rerum quibusdam consectetur totam laboriosam quibusdam aut. Dolores et minima facere molestiae deserunt. Fuga excepturi vero distinctio nemo.', 2, '2018-10-31 15:22:05', '2018-10-31 15:22:05'),
(90, 49, 'Pat Haag', 'Dignissimos quidem unde voluptas voluptatem et aut. Tempore sed sit quia non doloribus. Culpa unde explicabo est id placeat ut iusto. Velit et consequatur voluptates consequuntur dolores.', 2, '2018-10-31 15:22:05', '2018-10-31 15:22:05'),
(91, 46, 'Dr. Amara Kautzer I', 'Molestiae vero quae nisi consequatur. Placeat laudantium est et eveniet voluptatum. Dignissimos quis est possimus asperiores quis placeat sed. Quas ad asperiores ea distinctio nobis voluptas.', 4, '2018-10-31 15:22:05', '2018-10-31 15:22:05'),
(92, 1, 'Burdette Spinka', 'Eius consequuntur tenetur quos odio et laboriosam. Nostrum ducimus corporis ratione fuga et quis. Eius explicabo eos fugiat et nulla consectetur molestias.', 1, '2018-10-31 15:22:05', '2018-10-31 15:22:05'),
(93, 22, 'Braulio Abshire', 'Unde fuga omnis quasi culpa. Et libero sit quos voluptatem numquam deleniti blanditiis. Quaerat nihil doloribus enim modi enim voluptas.', 5, '2018-10-31 15:22:05', '2018-10-31 15:22:05'),
(94, 4, 'Dr. Lera Schaefer', 'Est quaerat adipisci qui voluptatem nemo. Qui nostrum rem saepe voluptas iusto sapiente nobis qui.', 2, '2018-10-31 15:22:05', '2018-10-31 15:22:05'),
(95, 3, 'Zola Conn', 'Omnis quo temporibus dolorem et distinctio velit. Quam suscipit odit id distinctio libero est tempore. Nostrum placeat sit voluptatem dolorem exercitationem blanditiis voluptatum.', 3, '2018-10-31 15:22:05', '2018-10-31 15:22:05'),
(96, 12, 'Hildegard Upton DDS', 'Aliquam non ratione est et laboriosam soluta omnis. Non fuga doloremque dolores consequatur totam mollitia. Soluta qui nobis eos tempore qui tempora. Necessitatibus ut et qui eos.', 5, '2018-10-31 15:22:05', '2018-10-31 15:22:05'),
(97, 17, 'Berniece Reichel', 'Quo quo a eius possimus placeat delectus blanditiis. Aut natus ipsum eligendi rem sint. Ad iure omnis unde officiis nulla.', 1, '2018-10-31 15:22:05', '2018-10-31 15:22:05'),
(98, 2, 'Edison Olson', 'Animi et maxime repudiandae aspernatur. Optio tempore facilis quisquam odio. Eligendi est alias tenetur sed. Eius ut non fuga voluptas.', 1, '2018-10-31 15:22:05', '2018-10-31 15:22:05'),
(99, 34, 'Dagmar O''Reilly', 'Aut nemo quo dolorem quisquam. Voluptate voluptate qui tempore possimus quia ut facere. Tenetur pariatur consequuntur culpa.', 2, '2018-10-31 15:22:05', '2018-10-31 15:22:05'),
(100, 43, 'Magdalen Runte', 'Cum distinctio et et. Et maxime totam autem explicabo id error rerum corporis. Doloremque magni ut enim esse eum. Omnis laborum qui ab minus et delectus voluptatem.', 2, '2018-10-31 15:22:05', '2018-10-31 15:22:05'),
(101, 28, 'Jason Rath', 'Qui in non earum eum quaerat commodi. Minima tenetur ut excepturi sit laboriosam adipisci. Doloribus molestiae deleniti et et. Impedit dolores eos recusandae amet. Blanditiis ipsa quis tempore neque est impedit.', 4, '2018-10-31 15:22:05', '2018-10-31 15:22:05'),
(102, 25, 'Caleb Rice', 'Sunt dolorum saepe et est adipisci. Fuga ut minus aliquid dolores.', 4, '2018-10-31 15:22:06', '2018-10-31 15:22:06'),
(103, 12, 'Kody Wehner DDS', 'Nam minus nisi quia laborum. Dolor illo voluptas excepturi sequi fuga quo. Ut fugiat dolorem consequatur sunt voluptas nihil. Consequatur molestiae facere harum aut.', 4, '2018-10-31 15:22:06', '2018-10-31 15:22:06'),
(104, 42, 'Giuseppe Gottlieb', 'Et pariatur sed voluptatem quia et atque quis. Numquam deleniti minus sint cupiditate id quae non et. Provident animi eum est qui enim eum qui.', 4, '2018-10-31 15:22:06', '2018-10-31 15:22:06'),
(105, 40, 'Schuyler Crist', 'Reiciendis sed tenetur ea voluptatum sapiente voluptas est qui. Optio ut sunt nulla quibusdam eligendi aliquid. Doloribus ut tempora nam temporibus officiis voluptatem libero. Accusamus sunt et corporis qui ut ullam est. Suscipit qui sunt iusto.', 2, '2018-10-31 15:22:06', '2018-10-31 15:22:06'),
(106, 47, 'Misael Bruen II', 'Quia et nemo harum doloribus architecto. Nisi omnis voluptatem nulla deleniti recusandae consequatur. Totam reprehenderit ipsum sunt eum rerum minima voluptas. Ea consequatur quas consequuntur asperiores.', 5, '2018-10-31 15:22:06', '2018-10-31 15:22:06'),
(107, 12, 'Braeden Metz', 'Velit similique iste dolorum ut. Molestiae ea nisi laborum molestiae voluptatum nulla dolorum.', 2, '2018-10-31 15:22:06', '2018-10-31 15:22:06'),
(108, 48, 'Carmella Bosco', 'Doloribus deleniti consequuntur consequatur laboriosam culpa. Debitis vel dolor laudantium cum aut. Enim et sed tenetur nam ducimus nesciunt. Exercitationem hic debitis voluptatum id. Explicabo iusto cum ut tempore nesciunt.', 5, '2018-10-31 15:22:06', '2018-10-31 15:22:06'),
(109, 18, 'Miss Brionna Dietrich PhD', 'Quis aliquam corporis rerum possimus et. Dolor et aut sed enim. Earum esse voluptas dicta dignissimos.', 0, '2018-10-31 15:22:06', '2018-10-31 15:22:06'),
(110, 47, 'Serena Nikolaus', 'Qui nihil rerum harum. Cum enim non suscipit. Tempore nihil ipsum dolore est iure aliquid. Laudantium vel soluta eum voluptatem eum.', 4, '2018-10-31 15:22:06', '2018-10-31 15:22:06'),
(111, 24, 'Alyce Klein', 'Et rerum optio ut id officia. Maiores est provident impedit reiciendis explicabo expedita sit recusandae. Accusantium sunt et consequatur minima quas minus. Modi cupiditate ut esse accusantium labore unde.', 0, '2018-10-31 15:22:06', '2018-10-31 15:22:06'),
(112, 37, 'Ashly Lockman', 'Distinctio doloremque magnam quo quaerat fuga sapiente quibusdam. Quis tempore sint ducimus et facilis reiciendis. Quos blanditiis soluta sint. Fugit et dolorem vel quia quos.', 1, '2018-10-31 15:22:06', '2018-10-31 15:22:06'),
(113, 20, 'Prof. Wilson Keebler Jr.', 'Error iure qui sit temporibus animi voluptatem. Soluta sed modi et eligendi atque doloribus et. Officiis cumque aut velit. Omnis mollitia animi officia et praesentium perferendis.', 3, '2018-10-31 15:22:06', '2018-10-31 15:22:06'),
(114, 36, 'Fletcher Hyatt', 'Inventore sit qui sint quibusdam. Rem minima et sequi. Et unde reiciendis in excepturi aut.', 5, '2018-10-31 15:22:06', '2018-10-31 15:22:06'),
(115, 29, 'Jarvis DuBuque', 'A aperiam corporis commodi pariatur dolorem odit. Exercitationem facere qui minus. Reprehenderit nihil sunt commodi odit reprehenderit aperiam omnis. Fugiat aut cupiditate quo expedita.', 5, '2018-10-31 15:22:06', '2018-10-31 15:22:06'),
(116, 27, 'Trevion Rice', 'Voluptatem ea sint a eos suscipit. Quas voluptas ut maiores minus. Itaque saepe minus aut. Illum ducimus omnis animi saepe debitis.', 4, '2018-10-31 15:22:06', '2018-10-31 15:22:06'),
(117, 36, 'Effie Koss', 'Magni nihil reprehenderit molestiae aut consectetur. Asperiores et neque velit cupiditate nobis sed.', 4, '2018-10-31 15:22:06', '2018-10-31 15:22:06'),
(118, 4, 'Otilia Stanton', 'Natus quia exercitationem omnis incidunt. Veniam in animi qui aut. Sit sunt facilis quos maiores. Autem nihil voluptas sequi eius optio amet.', 2, '2018-10-31 15:22:06', '2018-10-31 15:22:06'),
(119, 1, 'Hazel Ward DDS', 'Est perferendis explicabo fugiat. Doloribus numquam omnis quis quis. Eaque modi animi aspernatur aut esse officia distinctio. Voluptatibus nostrum et voluptates similique voluptatem accusantium quasi.', 1, '2018-10-31 15:22:06', '2018-10-31 15:22:06'),
(120, 37, 'Mrs. Nicolette Wiegand', 'Non unde aut id omnis. Modi totam soluta magnam iste impedit sapiente. Autem vitae aliquam dolorem dolor. Dolor quasi quas laboriosam sit corrupti.', 1, '2018-10-31 15:22:06', '2018-10-31 15:22:06'),
(121, 33, 'Miss Ivory Bednar', 'Voluptatem ipsam cupiditate rem. Laborum adipisci dolores et facere. Voluptates et ut distinctio enim possimus enim facere iste.', 3, '2018-10-31 15:22:06', '2018-10-31 15:22:06'),
(122, 36, 'Mr. Torrance Herzog Jr.', 'Et magnam et voluptas corrupti et eveniet enim. Odio distinctio et ut accusantium quia exercitationem eum. Dolores accusamus qui soluta ullam dignissimos vel iure.', 5, '2018-10-31 15:22:06', '2018-10-31 15:22:06'),
(123, 11, 'Derek Treutel', 'Nulla rem sunt illum similique. Neque nemo quasi et aut et eum dolor. Vitae reprehenderit doloribus ab ut dolor qui et aliquam.', 4, '2018-10-31 15:22:06', '2018-10-31 15:22:06'),
(124, 20, 'Teagan Reinger', 'In quasi ea mollitia. Et eum et perspiciatis hic beatae. Ea non doloremque quia quo. Dicta molestiae laboriosam voluptatibus nihil consequuntur sequi omnis. Officiis velit consequatur iste optio facere quidem.', 2, '2018-10-31 15:22:06', '2018-10-31 15:22:06'),
(125, 32, 'Isaac Leffler', 'Corrupti ipsum molestias culpa animi enim repellat qui. Quam expedita optio praesentium aut consequatur quos sed. Totam excepturi sint vero dignissimos dignissimos est.', 4, '2018-10-31 15:22:06', '2018-10-31 15:22:06'),
(126, 33, 'Gina Powlowski', 'Nisi quam dolorem non sit aspernatur. Ullam deserunt aliquid temporibus non id.', 4, '2018-10-31 15:22:06', '2018-10-31 15:22:06'),
(127, 37, 'Cleo Stoltenberg Sr.', 'Aut ab ab cupiditate accusantium molestiae. Qui consequatur est qui aut. Magni voluptatum distinctio et ex neque sed cumque. Numquam assumenda accusantium autem molestias necessitatibus est. Voluptatem aut quis adipisci et.', 3, '2018-10-31 15:22:07', '2018-10-31 15:22:07'),
(128, 36, 'Clinton Hills', 'Sint reprehenderit omnis et nisi voluptatum ratione vel. Temporibus nisi at consectetur accusantium doloremque. Repellat non blanditiis quia et necessitatibus minima voluptatem. Ipsum ea tempora vero eveniet voluptatem et.', 1, '2018-10-31 15:22:07', '2018-10-31 15:22:07'),
(129, 45, 'Miss Melba Keebler I', 'Consequuntur dolorum velit voluptates consequatur optio. Illo assumenda veritatis dignissimos. Consequatur qui odio animi quam et dicta ut.', 4, '2018-10-31 15:22:07', '2018-10-31 15:22:07'),
(130, 37, 'Lavern Welch', 'Harum qui vitae et sunt. Est quam et quod officiis quis. Voluptas quasi quisquam sapiente sapiente. Natus aut et omnis sunt assumenda porro.', 5, '2018-10-31 15:22:07', '2018-10-31 15:22:07'),
(131, 18, 'Dr. Jo Skiles', 'Consequatur reiciendis soluta ea ut sit temporibus enim. Mollitia aut voluptates ipsum id aut.', 5, '2018-10-31 15:22:07', '2018-10-31 15:22:07'),
(132, 23, 'Prof. Benny Weber I', 'Officiis veniam ab eos pariatur quo. Veniam ut blanditiis aut inventore est nulla. Esse reiciendis culpa ea molestias et ut. Perspiciatis beatae aut vero sunt et asperiores.', 4, '2018-10-31 15:22:07', '2018-10-31 15:22:07'),
(133, 13, 'Jeffery Stanton', 'Quo maxime recusandae soluta repellendus animi. Blanditiis perferendis est mollitia dolorem enim nostrum. Minus fuga nulla sed provident corporis ipsam quaerat. Voluptatem odio quisquam atque sed ut et.', 5, '2018-10-31 15:22:07', '2018-10-31 15:22:07'),
(134, 31, 'Mireille Kris Sr.', 'Aut beatae iure vitae. Eius et ratione in aliquid. Molestiae adipisci vero explicabo beatae. Autem cumque facilis esse perspiciatis dolorem minima qui. Unde quaerat ab suscipit sapiente ea sunt.', 4, '2018-10-31 15:22:07', '2018-10-31 15:22:07'),
(135, 15, 'Miss Ashtyn Cassin PhD', 'Est praesentium molestiae omnis consequatur rerum reiciendis. Aut minima dignissimos fugit voluptatem. Veritatis ea laborum qui repellat minus omnis.', 4, '2018-10-31 15:22:07', '2018-10-31 15:22:07'),
(136, 17, 'Raven Nicolas', 'Et deserunt laboriosam quae nostrum et et et. Laborum ab recusandae nihil ut sed. Voluptates dolorem ullam quia sit similique sunt. Nemo sunt voluptatem et consequatur.', 0, '2018-10-31 15:22:07', '2018-10-31 15:22:07'),
(137, 1, 'Fredy Waelchi', 'Et ullam ab sit sed repudiandae ut nihil. Eos non similique voluptas rerum commodi totam. Error et id repellendus perspiciatis est.', 5, '2018-10-31 15:22:07', '2018-10-31 15:22:07'),
(138, 50, 'Burdette Padberg', 'Omnis nihil ea voluptatem et ut alias modi enim. Praesentium quas voluptatem eaque et nisi velit. Dicta voluptas facere assumenda inventore expedita. Sit quasi atque placeat consectetur praesentium.', 3, '2018-10-31 15:22:07', '2018-10-31 15:22:07'),
(139, 15, 'Mozell Breitenberg PhD', 'Voluptas tempore ullam libero animi. Beatae tempora nulla fuga et doloribus. Voluptatem est voluptatum at molestiae error.', 4, '2018-10-31 15:22:07', '2018-10-31 15:22:07'),
(140, 42, 'Prof. Hassan Rippin MD', 'Quae repudiandae assumenda magnam esse. Ut quisquam voluptates doloribus tempore ullam et. Hic et fugiat eos molestiae. Non deleniti aut cupiditate ut sint dolorem possimus.', 1, '2018-10-31 15:22:07', '2018-10-31 15:22:07'),
(141, 16, 'Dr. Claude Wilkinson Jr.', 'Minima soluta vero minima laborum sapiente eius. Consequatur sed sint sit fuga adipisci. Iste eos qui totam eaque non non.', 0, '2018-10-31 15:22:07', '2018-10-31 15:22:07'),
(142, 28, 'Mr. Edd Funk', 'Quidem aperiam dolorem numquam similique quaerat. Incidunt impedit soluta rerum non. Ad dignissimos maxime natus quis.', 0, '2018-10-31 15:22:07', '2018-10-31 15:22:07'),
(143, 13, 'Mazie Keeling', 'Et deserunt cupiditate facilis quaerat labore ut. Qui eos voluptatum possimus aliquam. Id consequuntur ut maxime sed voluptatem quia. Cum tempora quidem quis in velit alias id.', 2, '2018-10-31 15:22:07', '2018-10-31 15:22:07'),
(144, 28, 'Rhoda Price', 'Aut quam quam ut amet. Molestiae quisquam ut ipsa culpa sed id. Fugit quia et rerum voluptatem.', 0, '2018-10-31 15:22:07', '2018-10-31 15:22:07'),
(145, 27, 'Dr. Fannie Hauck Jr.', 'Fugit eum id dignissimos optio voluptatem fugit dolore. Consequatur omnis voluptas esse maxime sed repellendus magnam.', 1, '2018-10-31 15:22:07', '2018-10-31 15:22:07'),
(146, 31, 'Ms. Hettie Dibbert MD', 'Autem iste tempore beatae tempore nobis exercitationem. Accusantium dignissimos nisi magnam. Vel est dolorem rem aperiam et reiciendis quisquam voluptatibus.', 0, '2018-10-31 15:22:07', '2018-10-31 15:22:07'),
(147, 39, 'Kadin Bechtelar', 'Aut ipsam et distinctio ut nihil vitae. Aut nesciunt sed ut perspiciatis sunt. Temporibus voluptatum magni eligendi alias delectus occaecati atque quae.', 0, '2018-10-31 15:22:07', '2018-10-31 15:22:07'),
(148, 45, 'Maiya Williamson PhD', 'Voluptate nesciunt quas optio magni eos sunt. Non exercitationem enim aut saepe harum cumque esse aut.', 4, '2018-10-31 15:22:07', '2018-10-31 15:22:07'),
(149, 29, 'Dr. Meagan Cole', 'Itaque sequi ut et sit qui. Ipsam soluta atque adipisci eveniet nihil et. Similique ratione voluptate quas.', 5, '2018-10-31 15:22:07', '2018-10-31 15:22:07'),
(150, 2, 'Melisa Cummings', 'Aperiam nesciunt et sit itaque labore dolor. Dolorum aut tempora aut voluptatibus quaerat nostrum omnis. Rem est veniam veritatis rem est adipisci. Minus non quis dolores voluptatum architecto.', 4, '2018-10-31 15:22:07', '2018-10-31 15:22:07'),
(151, 28, 'Lucas Reilly', 'Eveniet doloremque fugiat harum nam eos. Est maiores at voluptate quia et ullam. Rerum soluta ipsum quia tenetur quam. Voluptatibus provident ullam sit in recusandae.', 5, '2018-10-31 15:22:07', '2018-10-31 15:22:07'),
(152, 28, 'Tristian Lubowitz', 'Molestiae eum ab sed quaerat molestiae natus. Sit voluptates eius rerum labore repellat voluptates cum.', 1, '2018-10-31 15:22:07', '2018-10-31 15:22:07'),
(153, 42, 'Bernice Stiedemann', 'Cum nostrum enim sequi commodi maiores. Est corporis et non est et architecto reiciendis. Iure velit quasi recusandae placeat. Distinctio harum aliquid delectus sint. Tenetur aut voluptas tempore possimus vel.', 3, '2018-10-31 15:22:07', '2018-10-31 15:22:07'),
(154, 28, 'Aryanna Skiles', 'Excepturi excepturi accusamus aut velit. Placeat delectus dolor impedit deserunt quisquam.', 2, '2018-10-31 15:22:07', '2018-10-31 15:22:07'),
(155, 19, 'Tianna Heathcote', 'Ullam et dolor autem perferendis beatae. Qui excepturi itaque debitis ullam molestiae labore non. Iste delectus ut quibusdam deserunt consequatur tempore sit.', 5, '2018-10-31 15:22:08', '2018-10-31 15:22:08'),
(156, 44, 'Seth Hettinger', 'Optio corrupti alias quasi sed id iste. Officia nemo consequuntur voluptatem laudantium vero deleniti. Quos et voluptas voluptatem quisquam.', 4, '2018-10-31 15:22:08', '2018-10-31 15:22:08'),
(157, 18, 'Dr. Ebony Fisher DVM', 'Omnis animi harum aliquid. Quaerat omnis assumenda veritatis deleniti omnis dolore. Exercitationem ipsam quae nisi et ratione at qui.', 4, '2018-10-31 15:22:08', '2018-10-31 15:22:08'),
(158, 46, 'Isabel Ratke', 'Qui ut ipsam culpa quaerat incidunt est sed. Odit unde animi modi deleniti ex at. Blanditiis voluptas sit dignissimos at autem possimus ipsam. Culpa aut maxime aperiam qui necessitatibus. Debitis deleniti omnis dolores qui nisi pariatur laudantium doloremque.', 0, '2018-10-31 15:22:08', '2018-10-31 15:22:08'),
(159, 1, 'Prof. Thaddeus Becker I', 'Sint voluptatibus eos aut quaerat necessitatibus. Ea commodi in aliquam omnis dolorem sed fuga eaque. Cumque consectetur tenetur id enim et et ipsum consequatur. Expedita ullam corrupti repellendus labore quam aut assumenda qui.', 2, '2018-10-31 15:22:08', '2018-10-31 15:22:08'),
(160, 9, 'Benny Altenwerth III', 'Saepe pariatur rerum illum numquam commodi atque. Totam omnis fuga voluptas asperiores est et dicta necessitatibus.', 4, '2018-10-31 15:22:08', '2018-10-31 15:22:08'),
(161, 7, 'Verda Feil', 'Dolor est repudiandae sunt. Velit qui et enim dolor quis delectus et. Aut et assumenda id nemo perferendis et eum. Nihil qui qui dolores dolorem.', 1, '2018-10-31 15:22:08', '2018-10-31 15:22:08'),
(162, 11, 'Minnie Russel', 'Ab voluptates blanditiis consequatur quas nam. Quod deserunt reprehenderit ratione sed nemo. Aliquid quam adipisci soluta qui consequatur quos. Velit aut corporis pariatur.', 5, '2018-10-31 15:22:08', '2018-10-31 15:22:08'),
(163, 28, 'Eleazar Grant PhD', 'Qui rerum quia incidunt laboriosam. Soluta in ullam cupiditate eligendi asperiores doloremque. Qui earum unde mollitia blanditiis voluptas amet fuga. Similique magni suscipit autem ad.', 2, '2018-10-31 15:22:08', '2018-10-31 15:22:08'),
(164, 22, 'Pearline Stoltenberg I', 'Maxime doloremque totam dolores non labore beatae et. Vero sint sit optio accusamus eveniet alias inventore. Neque officiis beatae repellat sint.', 4, '2018-10-31 15:22:08', '2018-10-31 15:22:08'),
(165, 2, 'Mr. Rowan Lakin', 'Consectetur dicta inventore molestias expedita. Temporibus est veniam reiciendis. Illum voluptatem corrupti amet magnam occaecati atque saepe.', 4, '2018-10-31 15:22:08', '2018-10-31 15:22:08'),
(166, 33, 'Rebecca Gerhold', 'Rerum dolorum ut quod temporibus et. Ea quo assumenda consequuntur fuga non quia. Provident ut culpa sapiente nisi.', 4, '2018-10-31 15:22:08', '2018-10-31 15:22:08'),
(167, 16, 'Joelle Wiza', 'Est earum et quo totam neque atque ipsam. Quo quo eum dolor nisi. Aut et incidunt deserunt ut eos sequi sit optio.', 1, '2018-10-31 15:22:08', '2018-10-31 15:22:08'),
(168, 1, 'Ressie Walsh', 'Odit molestiae corrupti asperiores molestiae earum inventore veritatis. Sed voluptatum magni sed ratione in sed soluta. Quod sint ipsa at a beatae sint. Placeat et ex necessitatibus praesentium ut dolorem.', 0, '2018-10-31 15:22:08', '2018-10-31 15:22:08'),
(169, 44, 'Kaylie Bailey', 'Porro unde itaque quos accusamus voluptatibus consequuntur. Illum ea voluptatem eum quo consequuntur dolores. Quas consectetur sed quia molestiae.', 1, '2018-10-31 15:22:08', '2018-10-31 15:22:08'),
(170, 42, 'Frankie Predovic', 'Aut fugit consequatur ut ea asperiores amet et ducimus. Magnam ullam voluptatum voluptatem perspiciatis aperiam sed. Magni autem quo inventore dolore. Perferendis et maiores voluptate modi rerum.', 0, '2018-10-31 15:22:08', '2018-10-31 15:22:08'),
(171, 41, 'Lilla Stamm PhD', 'Aliquam ut aliquam quis architecto a culpa eaque. Non qui nulla molestiae tenetur.', 3, '2018-10-31 15:22:08', '2018-10-31 15:22:08'),
(172, 41, 'Katarina Paucek', 'Totam voluptate corrupti et debitis recusandae. Voluptas consequatur sint earum suscipit commodi ducimus non. Recusandae dolorem aut illum non est. Voluptas ut provident est nulla nobis error.', 1, '2018-10-31 15:22:08', '2018-10-31 15:22:08'),
(173, 19, 'Roslyn Ritchie', 'Earum delectus aut quod nesciunt nihil. Consequuntur qui aliquid ea odit odio. Qui voluptas necessitatibus qui exercitationem dolorem facilis. Culpa quam mollitia et et rem.', 4, '2018-10-31 15:22:08', '2018-10-31 15:22:08'),
(174, 46, 'Mckenzie Gulgowski', 'Laborum in aut debitis dolores ducimus aspernatur facere. Saepe at est sapiente.', 4, '2018-10-31 15:22:08', '2018-10-31 15:22:08'),
(175, 19, 'Daron Beahan', 'Non libero dolores unde perspiciatis ipsa repellendus sunt. Veniam ab magnam sed nemo. Eos laudantium et iusto tempora. Autem et sed rerum id. Consectetur numquam aperiam dignissimos repellendus inventore consequatur dolorem.', 4, '2018-10-31 15:22:08', '2018-10-31 15:22:08'),
(176, 3, 'Prof. Emanuel Johnson', 'Enim quis quasi aut magnam doloremque voluptatibus. Voluptatem voluptates nemo harum. Laboriosam molestias non vel omnis est laborum eos mollitia. Tempora rerum repellat voluptatem assumenda eaque.', 2, '2018-10-31 15:22:08', '2018-10-31 15:22:08'),
(177, 24, 'Mr. Graham Satterfield', 'Fuga explicabo omnis maiores exercitationem placeat at sint. Sint nesciunt vel quasi. Porro in eum consequatur temporibus ut tempora alias aliquid. Labore modi molestiae praesentium.', 0, '2018-10-31 15:22:08', '2018-10-31 15:22:08'),
(178, 42, 'Reymundo Streich', 'Tempora quia ex voluptatem laborum. Tempora aliquam culpa doloremque odio hic placeat aut. Corrupti dolorem amet minus voluptatem fugiat accusantium. Perspiciatis qui harum ut temporibus voluptas.', 2, '2018-10-31 15:22:08', '2018-10-31 15:22:08'),
(179, 38, 'Tate Lemke', 'Repellendus ad totam qui. Eum quia odit voluptatem. Aut molestias et dolorem omnis nostrum ea rerum.', 5, '2018-10-31 15:22:08', '2018-10-31 15:22:08'),
(180, 1, 'Mr. Donny Bogan V', 'Adipisci tenetur est doloremque fuga. Dolor perferendis rerum ut consectetur qui hic repellat adipisci. Eius laudantium sapiente provident possimus placeat unde. Et dolores vero similique ea inventore nulla necessitatibus.', 3, '2018-10-31 15:22:08', '2018-10-31 15:22:08'),
(181, 18, 'Kelly Cummerata', 'Veniam quam eos aut sit. Velit voluptates accusantium in vel eos maiores qui. Aut ab et occaecati quidem et reiciendis. Optio autem aut molestias exercitationem officia. Veritatis odit sunt atque sapiente laborum soluta.', 0, '2018-10-31 15:22:08', '2018-10-31 15:22:08'),
(182, 5, 'Miss Maryse Rodriguez', 'Enim similique temporibus sint beatae. Nulla ex eum beatae voluptates qui. Ipsa at nihil voluptatum minima ullam.', 1, '2018-10-31 15:22:08', '2018-10-31 15:22:08'),
(183, 48, 'Christiana Wuckert', 'Quaerat dolores dolorem debitis omnis excepturi voluptas et laudantium. Id similique dolorum soluta ea qui deserunt dolorem dolorum. Amet commodi eius in facilis ut occaecati ut.', 1, '2018-10-31 15:22:09', '2018-10-31 15:22:09'),
(184, 6, 'Mossie Schimmel', 'Assumenda molestiae dolores nisi esse. Fugiat suscipit quia at eius perspiciatis. Eum inventore autem alias excepturi accusamus. Iusto esse sunt vel debitis accusantium iure rerum.', 2, '2018-10-31 15:22:09', '2018-10-31 15:22:09'),
(185, 16, 'Prof. Antonette Orn Sr.', 'Rerum sequi quia odit aut voluptatum. Sit facilis voluptate molestiae officiis corrupti repellendus deserunt. Modi porro impedit ullam et voluptatem ipsam quia. Aut omnis aut soluta aut dolore. Magnam accusantium architecto excepturi.', 3, '2018-10-31 15:22:09', '2018-10-31 15:22:09'),
(186, 6, 'Ibrahim Romaguera', 'Molestias nobis possimus velit iure laudantium quod quisquam qui. Veritatis aspernatur iusto praesentium iure nihil eveniet ut. Earum mollitia labore eveniet rem voluptates. Ut eligendi voluptatem et ipsum omnis est.', 5, '2018-10-31 15:22:09', '2018-10-31 15:22:09'),
(187, 10, 'Irving Hodkiewicz', 'Quia illum minus illo consequatur earum nulla. Maiores laborum perferendis adipisci. Deserunt sint explicabo corrupti deleniti placeat. Praesentium qui dolor laborum et voluptas error.', 5, '2018-10-31 15:22:09', '2018-10-31 15:22:09'),
(188, 50, 'Laurine Harris IV', 'Consequatur perspiciatis necessitatibus est adipisci et repellat maxime. Iusto quaerat cumque et suscipit laboriosam. Neque eius numquam quos dolorum ut.', 2, '2018-10-31 15:22:09', '2018-10-31 15:22:09'),
(189, 41, 'America Conn', 'Deserunt ab ullam dolores voluptatum fuga totam numquam. Inventore eos consequatur ipsum earum impedit tempora. Est non maiores dolorum cum voluptatibus quam ullam. Iste consequatur in et optio harum voluptas.', 1, '2018-10-31 15:22:09', '2018-10-31 15:22:09'),
(190, 9, 'Camila Halvorson', 'Sapiente inventore quibusdam sint dolores. Inventore quasi quia doloremque voluptas voluptatem. Eos laboriosam quaerat sed distinctio vero maxime pariatur. Magni eum incidunt dolores reprehenderit.', 3, '2018-10-31 15:22:09', '2018-10-31 15:22:09'),
(191, 35, 'Dr. Brayan Kessler MD', 'Necessitatibus cumque quo vel totam est voluptatem. Quos aspernatur repellendus iusto quia. Reprehenderit fuga eius sed omnis.', 2, '2018-10-31 15:22:09', '2018-10-31 15:22:09'),
(192, 13, 'Howell Ruecker', 'Odit ea qui assumenda consequatur optio sunt earum sint. Sed non mollitia pariatur sequi sunt vero quisquam. Alias quos quaerat aut autem accusamus sunt accusantium. Exercitationem accusantium quo quasi.', 4, '2018-10-31 15:22:09', '2018-10-31 15:22:09'),
(193, 35, 'Laverne Grant PhD', 'Provident aut optio animi alias. Saepe expedita quia repellendus labore voluptatum.', 5, '2018-10-31 15:22:09', '2018-10-31 15:22:09'),
(194, 25, 'Miss Megane Maggio II', 'Itaque delectus voluptate voluptas temporibus aut non laudantium. Ab voluptates rerum cum hic.', 3, '2018-10-31 15:22:09', '2018-10-31 15:22:09'),
(195, 40, 'Dr. Kole Rice I', 'Earum quis molestias rerum distinctio enim mollitia saepe non. Et modi numquam sint qui aut delectus. Sit qui corrupti iure adipisci.', 4, '2018-10-31 15:22:09', '2018-10-31 15:22:09'),
(196, 19, 'Beaulah Hettinger', 'Recusandae mollitia accusantium reiciendis ea tenetur odit vero ut. Et voluptatum velit quo ea possimus ut.', 5, '2018-10-31 15:22:09', '2018-10-31 15:22:09'),
(197, 11, 'Dr. Santino Wunsch', 'Consectetur eveniet reiciendis aliquam optio. Vitae deleniti ut ipsa voluptatum rerum illum eligendi. Rerum quibusdam autem in possimus.', 2, '2018-10-31 15:22:09', '2018-10-31 15:22:09'),
(198, 50, 'Prof. Nash Robel MD', 'Impedit tempora ut rerum optio ut sint quisquam. Sit incidunt est eos culpa ratione minima. Ut quam in quo eos dignissimos et. Recusandae est voluptate quia nam sunt perferendis. Ullam non voluptates omnis tempore numquam officia.', 5, '2018-10-31 15:22:09', '2018-10-31 15:22:09'),
(199, 31, 'Kyra Bruen', 'Minima exercitationem quibusdam aut odit itaque dolorum porro. Inventore dolores temporibus cumque dolor sit facilis doloribus adipisci. Laboriosam quaerat modi asperiores illo non animi.', 3, '2018-10-31 15:22:09', '2018-10-31 15:22:09'),
(200, 8, 'Kole Ziemann', 'Ab non eveniet aut. Aspernatur optio sapiente tenetur nesciunt accusantium velit at repellat. Ipsum nihil distinctio non maiores. Illo exercitationem sint voluptate facilis cum illo. Aspernatur magni enim facilis iure.', 2, '2018-10-31 15:22:09', '2018-10-31 15:22:09'),
(201, 31, 'Dexter Wisoky', 'Nulla sint culpa deleniti suscipit non quibusdam. Fugit ex qui ab autem natus. Necessitatibus harum et cum sapiente ipsam.', 1, '2018-10-31 15:22:09', '2018-10-31 15:22:09'),
(202, 29, 'Kadin Hauck DDS', 'Sed aperiam qui incidunt doloribus sint qui quo. Temporibus accusantium libero laudantium corporis qui odit et. Aspernatur vel est et aliquam voluptates sequi eos.', 0, '2018-10-31 15:22:09', '2018-10-31 15:22:09'),
(203, 22, 'Mrs. Lou Hegmann Jr.', 'Velit illo sunt laboriosam doloremque quia. Velit ratione vel aut modi amet iste ut et. Quo officia ullam et quam. Consequuntur adipisci quis consequuntur repudiandae assumenda itaque non.', 4, '2018-10-31 15:22:09', '2018-10-31 15:22:09'),
(204, 42, 'Freddie Hahn', 'Possimus eveniet sit saepe deleniti. Maiores consequatur et ut iure doloremque ducimus corrupti. Consequatur aperiam qui consequuntur neque officiis. Quo in et doloremque corporis sunt maxime.', 1, '2018-10-31 15:22:09', '2018-10-31 15:22:09'),
(205, 44, 'Nicholas Bednar', 'Autem aspernatur dolore ipsam voluptas. Velit eum nobis occaecati. Neque eos iure quis vel nesciunt. Repellendus fugit ea aspernatur minima.', 5, '2018-10-31 15:22:09', '2018-10-31 15:22:09'),
(206, 9, 'Jude Kuhlman I', 'Est sit ut voluptate. Eligendi deserunt culpa sequi totam cum provident. Quibusdam a sint laudantium blanditiis suscipit labore.', 5, '2018-10-31 15:22:09', '2018-10-31 15:22:09'),
(207, 50, 'Marcelino Beer V', 'Provident itaque blanditiis esse similique quas rerum commodi. Aut ea porro consequatur provident eligendi. Tempore quo aliquam voluptas rerum.', 1, '2018-10-31 15:22:09', '2018-10-31 15:22:09');
INSERT INTO `reviews` (`id`, `product_id`, `customer`, `review`, `star`, `created_at`, `updated_at`) VALUES
(208, 27, 'Madeline Batz', 'Non alias quis fuga consectetur voluptas officia. Sit autem esse non qui velit nam. Rem sed delectus iste odit quis.', 0, '2018-10-31 15:22:09', '2018-10-31 15:22:09'),
(209, 47, 'Miss Kaia Bins IV', 'Quo sunt ut suscipit quasi unde iure provident. Blanditiis recusandae voluptatem iusto. Minima dignissimos est est laborum nobis ea.', 0, '2018-10-31 15:22:09', '2018-10-31 15:22:09'),
(210, 50, 'Waylon Pfannerstill', 'Ut nulla cupiditate et maxime delectus. Adipisci odio ut a. Aut voluptatem ducimus voluptatem consequatur saepe placeat excepturi.', 2, '2018-10-31 15:22:09', '2018-10-31 15:22:09'),
(211, 49, 'Shayna Emmerich Sr.', 'Quia minima veritatis enim non. Fugiat labore consequatur autem ut. Distinctio est est maiores velit animi.', 4, '2018-10-31 15:22:09', '2018-10-31 15:22:09'),
(212, 35, 'Jesse Prosacco', 'Dolorum iure qui soluta iusto est ipsum occaecati hic. Nemo voluptas odit repellat optio itaque adipisci. Ea libero voluptates nihil possimus qui.', 1, '2018-10-31 15:22:09', '2018-10-31 15:22:09'),
(213, 18, 'Sabryna Hessel', 'Sit et est adipisci eum. Et culpa reiciendis minus aspernatur aut in nobis. Sapiente iusto blanditiis dolores. Hic vero et quis culpa saepe consequatur ut explicabo.', 2, '2018-10-31 15:22:10', '2018-10-31 15:22:10'),
(214, 39, 'General Russel', 'Sed corrupti laborum ex et. Dolores rem ducimus et dolorem in ut. Culpa occaecati aut facere inventore facilis.', 5, '2018-10-31 15:22:10', '2018-10-31 15:22:10'),
(215, 1, 'Mallie Feil', 'Officia quod amet nesciunt voluptatem sit quibusdam beatae. Nihil rem et temporibus ut eaque ullam rerum. Similique consectetur optio sit ut blanditiis porro ex.', 3, '2018-10-31 15:22:10', '2018-10-31 15:22:10'),
(216, 24, 'Mr. Jeffry Deckow V', 'Saepe voluptas sunt odit cupiditate non sed. Qui et quia sunt et eum placeat cum. Sunt recusandae facere corrupti animi accusantium est.', 0, '2018-10-31 15:22:10', '2018-10-31 15:22:10'),
(217, 46, 'Abraham Jacobson Jr.', 'Voluptatem et quia aspernatur officiis. Est dicta aut ut eaque qui fuga.', 3, '2018-10-31 15:22:10', '2018-10-31 15:22:10'),
(218, 35, 'Mrs. Ruthe Grant', 'Ratione rerum eius sunt iste nostrum sit dolorem. Iure eligendi laudantium qui dolorem reprehenderit aut exercitationem. Quo est mollitia harum consectetur iure facere iusto.', 4, '2018-10-31 15:22:10', '2018-10-31 15:22:10'),
(219, 16, 'Cayla Mayer', 'In ut et numquam nesciunt aliquid magni dicta. Non cupiditate veritatis consequatur vel vitae est vero. Aut nobis repellat ut culpa. Id est quia quam consequatur.', 0, '2018-10-31 15:22:10', '2018-10-31 15:22:10'),
(220, 8, 'Claude Runolfsdottir', 'Fugiat sit quia sunt placeat in nihil. Rerum quis nobis asperiores. Voluptatem temporibus autem rerum eaque dolor.', 1, '2018-10-31 15:22:10', '2018-10-31 15:22:10'),
(221, 1, 'Aaron Mayert', 'Amet voluptatem illo pariatur sint. Quaerat facilis esse voluptas placeat illo occaecati.', 3, '2018-10-31 15:22:10', '2018-10-31 15:22:10'),
(222, 35, 'Prof. Celestine Hoppe', 'Eos voluptatibus alias praesentium explicabo. Voluptatem rerum et voluptatum impedit eius fugiat maiores. Suscipit pariatur expedita fuga alias sunt. Dolore et eaque voluptatum dicta ullam. Cum voluptatem asperiores nesciunt nesciunt.', 4, '2018-10-31 15:22:10', '2018-10-31 15:22:10'),
(223, 26, 'Mrs. Eldora Gerlach', 'Magnam quo est et et eum neque sapiente asperiores. Minima quis eum porro inventore rerum voluptas. Molestias magni reiciendis debitis veritatis.', 0, '2018-10-31 15:22:10', '2018-10-31 15:22:10'),
(224, 21, 'Norwood Jones', 'Quidem aliquid amet officiis dolores fuga vel ut quos. Et maxime sit minima impedit. Est dolor praesentium quibusdam saepe blanditiis consequatur. Voluptatem repellendus quod veritatis veritatis.', 4, '2018-10-31 15:22:10', '2018-10-31 15:22:10'),
(225, 19, 'Lonie Stamm III', 'Rerum quis qui nisi autem eos saepe. Tempore rem sit itaque sed. Minus sed eveniet placeat. Mollitia quaerat magnam deserunt hic sit amet.', 1, '2018-10-31 15:22:10', '2018-10-31 15:22:10'),
(226, 17, 'Erwin Yost', 'Illum ratione dolor sapiente et. Deleniti beatae ea reprehenderit eos aperiam provident. Voluptas molestiae perferendis voluptatem nihil.', 3, '2018-10-31 15:22:10', '2018-10-31 15:22:10'),
(227, 44, 'Ariane Leffler', 'Laborum voluptas accusantium omnis voluptate unde. Sed numquam accusamus temporibus vitae dolores. Dolor alias voluptatibus facilis rerum rerum. Dicta sapiente ut sapiente nulla et reprehenderit itaque consequatur.', 0, '2018-10-31 15:22:10', '2018-10-31 15:22:10'),
(228, 21, 'Myah Schneider', 'Rerum deserunt quia odit officia aut quasi. Odio necessitatibus unde consequatur et provident et. In aliquid ipsum accusantium possimus.', 2, '2018-10-31 15:22:10', '2018-10-31 15:22:10'),
(229, 27, 'Karley VonRueden', 'Illo voluptatem repellat eum ex ut. Magni voluptatem est sequi et nemo nesciunt sed veritatis. Enim ullam modi totam.', 1, '2018-10-31 15:22:10', '2018-10-31 15:22:10'),
(230, 12, 'Dr. Nicholas Mertz', 'Aliquid sed sit hic ipsam. Enim qui unde suscipit. Quis dolore et consectetur iusto dolorum repudiandae.', 2, '2018-10-31 15:22:10', '2018-10-31 15:22:10'),
(231, 2, 'Cristal Harvey', 'Distinctio assumenda molestiae quia et consequatur unde. Animi ut nemo dolores soluta rerum et. Facilis velit saepe sed quos.', 5, '2018-10-31 15:22:10', '2018-10-31 15:22:10'),
(232, 42, 'Miss Shanie Lynch Jr.', 'Fugiat voluptatem minus adipisci explicabo aut impedit illo. Atque consequuntur cum quia harum aspernatur aut eaque. Quae tempore consequatur nemo omnis laboriosam nobis ut. Pariatur sunt consequatur exercitationem.', 5, '2018-10-31 15:22:10', '2018-10-31 15:22:10'),
(233, 38, 'Mrs. Destiney Ritchie PhD', 'Sed recusandae architecto labore animi ut eius ex soluta. Placeat aut dicta sit explicabo. Ipsam dolore mollitia ut rerum sint qui iste.', 2, '2018-10-31 15:22:10', '2018-10-31 15:22:10'),
(234, 30, 'Nona Okuneva', 'Et qui distinctio voluptas ut id incidunt accusamus in. Voluptas consequatur sint quod minus. Est omnis cum eos molestias quia. Iste repellat unde sed et perspiciatis.', 3, '2018-10-31 15:22:10', '2018-10-31 15:22:10'),
(235, 34, 'Kacie Langworth III', 'Est sed et iste asperiores qui. Doloremque ut in nemo reiciendis et. Provident quia vero accusamus ab. Vitae culpa odio ea commodi.', 5, '2018-10-31 15:22:10', '2018-10-31 15:22:10'),
(236, 4, 'Mr. Agustin Carroll MD', 'Architecto non fugit voluptate omnis tempore. Cupiditate sint necessitatibus rerum earum aperiam amet.', 2, '2018-10-31 15:22:10', '2018-10-31 15:22:10'),
(237, 37, 'Alek Wilderman', 'Aliquam aut provident est quo et eos. Velit rerum aliquid vel aspernatur fuga vel. Ut voluptatem asperiores ut nobis excepturi neque. Laborum minima rerum natus facilis nisi ut eveniet.', 1, '2018-10-31 15:22:10', '2018-10-31 15:22:10'),
(238, 11, 'Martine Mraz', 'Voluptatem est iure eius. Mollitia sit nobis earum autem. Illo cupiditate sed est incidunt tempora explicabo. Non sint eligendi voluptates et reprehenderit blanditiis rem.', 5, '2018-10-31 15:22:10', '2018-10-31 15:22:10'),
(239, 15, 'Janice Bednar', 'Aut itaque sed quos eum quidem laudantium optio. Occaecati ratione mollitia ipsum officia sunt. Eos esse laudantium enim iste sunt laudantium. Aut suscipit quia ex non.', 1, '2018-10-31 15:22:10', '2018-10-31 15:22:10'),
(240, 20, 'Tierra Padberg', 'Et voluptatem deleniti eius illum dignissimos. Est blanditiis aspernatur ea ut. Omnis quibusdam nihil quae cum.', 4, '2018-10-31 15:22:10', '2018-10-31 15:22:10'),
(241, 3, 'Nasir Lowe DDS', 'Veniam natus vel quisquam harum. Beatae dolorum eligendi aliquam numquam facere non. Modi ducimus corrupti amet quae vel adipisci nulla. Voluptatum quo voluptatem qui et alias pariatur.', 1, '2018-10-31 15:22:11', '2018-10-31 15:22:11'),
(242, 46, 'Susana Murphy', 'Saepe dicta iusto saepe laboriosam a. Est debitis unde aliquam totam at et consequatur velit. Sit officiis alias tenetur sit quia explicabo. Occaecati in voluptates quia dignissimos temporibus qui quia voluptas.', 1, '2018-10-31 15:22:11', '2018-10-31 15:22:11'),
(243, 36, 'Ms. Odie Hartmann', 'Expedita laborum culpa dolor consequatur. Placeat dolor accusamus ut quia alias qui. Enim reiciendis facilis nobis eius.', 5, '2018-10-31 15:22:11', '2018-10-31 15:22:11'),
(244, 3, 'Helena Upton DDS', 'Odit autem nobis nobis qui. Mollitia voluptas dolores maiores beatae tempore ut sunt. Totam rerum sit et deleniti. Inventore id animi perferendis provident aut.', 5, '2018-10-31 15:22:11', '2018-10-31 15:22:11'),
(245, 15, 'Milton McClure', 'Quia cumque hic ut. Est fugit deleniti quis quod dolores ut laboriosam ipsa. Aperiam voluptatem molestias perferendis molestiae et. Ullam doloribus quis omnis aperiam ea vero minus.', 2, '2018-10-31 15:22:11', '2018-10-31 15:22:11'),
(246, 45, 'Milan Walter', 'In alias qui similique voluptas. Alias iure quaerat est eos quis unde. Cupiditate nisi quo velit alias illo odio eos alias.', 3, '2018-10-31 15:22:11', '2018-10-31 15:22:11'),
(247, 35, 'Laisha Huel', 'Accusamus qui distinctio rem commodi fugiat. Sunt quo sed et id quia blanditiis. Adipisci quibusdam itaque eligendi dignissimos qui commodi.', 4, '2018-10-31 15:22:11', '2018-10-31 15:22:11'),
(248, 28, 'Breana Schimmel', 'Est modi dolor placeat quos inventore. Quo recusandae occaecati enim pariatur deleniti quis velit. Dolorem dolores fugit delectus sit animi inventore ut provident. Quia quod recusandae dolor debitis iusto. Alias veritatis repudiandae eaque minima commodi.', 5, '2018-10-31 15:22:11', '2018-10-31 15:22:11'),
(249, 43, 'Dr. Remington Barton Jr.', 'Earum aut qui voluptas et temporibus. Ullam tempore aut dolores. Sunt quia et ipsa veritatis dolor odit ut.', 5, '2018-10-31 15:22:11', '2018-10-31 15:22:11'),
(250, 37, 'Lester Mohr', 'Nostrum et fuga vel molestiae debitis est debitis. Odio dolor omnis inventore corporis qui esse. Vitae est quia officiis quo dolore deserunt ratione. Voluptatem soluta hic fugit.', 3, '2018-10-31 15:22:11', '2018-10-31 15:22:11'),
(251, 5, 'Prof. Adolphus Schinner', 'Repellat sit incidunt laboriosam voluptatem voluptas qui temporibus. Eum ut ea temporibus dolores ullam.', 5, '2018-10-31 15:22:11', '2018-10-31 15:22:11'),
(252, 8, 'Twila Oberbrunner III', 'Non placeat quos aut quo voluptates similique veniam modi. Aut omnis eum earum maiores saepe nostrum dolorem.', 3, '2018-10-31 15:22:11', '2018-10-31 15:22:11'),
(253, 28, 'Dr. Herta Oberbrunner', 'Sunt adipisci minima aut doloremque veniam exercitationem maxime. Culpa tempora nam blanditiis rerum aut. At magnam eos consequatur earum voluptates voluptate.', 2, '2018-10-31 15:22:11', '2018-10-31 15:22:11'),
(254, 30, 'Dr. Nicholaus Moore II', 'Quia perspiciatis et qui eos eum consequuntur ut. Ea similique aspernatur consequatur eos et beatae fuga. Laborum sapiente aut explicabo et maiores.', 4, '2018-10-31 15:22:11', '2018-10-31 15:22:11'),
(255, 30, 'Alexandria Heller Sr.', 'Temporibus et consequuntur et tempore qui nobis id. Aut illo quasi sequi ipsa architecto. Corporis quae odio corporis velit recusandae.', 2, '2018-10-31 15:22:11', '2018-10-31 15:22:11'),
(256, 44, 'Jarrett Jones', 'Omnis mollitia porro beatae officiis et ut voluptatem. Qui hic laborum ut minima deleniti reprehenderit ex. Quisquam harum quidem quis est aut facilis nam minima.', 1, '2018-10-31 15:22:11', '2018-10-31 15:22:11'),
(257, 13, 'Muhammad Ledner', 'Quas earum consequatur ut eos dicta. Et voluptate ipsa aut dicta quisquam exercitationem iste. Ut maiores harum ut voluptas corporis.', 2, '2018-10-31 15:22:11', '2018-10-31 15:22:11'),
(258, 24, 'Maida Beahan V', 'Qui quaerat nemo quas nisi officiis qui autem. Animi id dolorem quibusdam quam voluptates blanditiis.', 5, '2018-10-31 15:22:11', '2018-10-31 15:22:11'),
(259, 23, 'Zechariah Price', 'Qui ipsam minus labore similique veritatis et nesciunt facilis. Officia eveniet quia omnis ad quod. Porro molestiae asperiores quaerat. Atque aliquam voluptatum porro occaecati quasi facere atque.', 0, '2018-10-31 15:22:11', '2018-10-31 15:22:11'),
(260, 1, 'Sheldon Hagenes', 'Reiciendis alias aut iure qui et quia est. Ad labore asperiores rerum nostrum ut recusandae deleniti. Est quos architecto facere assumenda cum culpa placeat sed. Aut voluptatibus id non et natus.', 1, '2018-10-31 15:22:11', '2018-10-31 15:22:11'),
(261, 29, 'Brisa Witting', 'Sit non et perspiciatis numquam a repellendus. Iusto fuga fugiat consectetur id consequatur exercitationem. Culpa ipsam nulla neque voluptatem quod. Et ipsa consequatur quibusdam.', 5, '2018-10-31 15:22:11', '2018-10-31 15:22:11'),
(262, 39, 'Mr. Quinn Corwin', 'Vero rerum reprehenderit unde. Velit distinctio id optio omnis. Explicabo quia deserunt laborum est occaecati ex quo. Qui recusandae accusamus ut aliquid voluptatem sit quas.', 3, '2018-10-31 15:22:11', '2018-10-31 15:22:11'),
(263, 32, 'Wyman Kemmer IV', 'Quia consequuntur nam voluptatibus eos consequatur qui vel minus. Dolorum recusandae nostrum molestiae accusantium deleniti doloribus. Unde est fuga dignissimos assumenda adipisci deserunt temporibus. Maiores ratione earum non.', 1, '2018-10-31 15:22:11', '2018-10-31 15:22:11'),
(264, 9, 'Miss Lucile Daniel III', 'Eius repellat aut rerum voluptas voluptas. Alias iusto omnis nihil aperiam ut eos. Temporibus consequatur hic vero non dolorum. Numquam numquam veritatis eos voluptates adipisci.', 4, '2018-10-31 15:22:11', '2018-10-31 15:22:11'),
(265, 50, 'Marlon Veum III', 'Unde ab rerum debitis perferendis et optio. Et optio est possimus consequatur quo repudiandae ducimus. Ullam ad est numquam expedita velit ea quod. Reprehenderit impedit eaque corporis nihil.', 1, '2018-10-31 15:22:11', '2018-10-31 15:22:11'),
(266, 18, 'Broderick Monahan', 'Voluptatem quo accusamus consequuntur illum. Omnis magni est veritatis ea itaque animi enim. Odit tempora saepe odit omnis deserunt aut quia. Rerum fugit eos cumque alias et sed.', 2, '2018-10-31 15:22:11', '2018-10-31 15:22:11'),
(267, 1, 'Harrison Kertzmann', 'Ullam eveniet accusamus quia debitis. Quia et alias cupiditate. Qui et harum sint omnis quidem fuga. Ea et dolore aut quo nulla quia suscipit.', 5, '2018-10-31 15:22:11', '2018-10-31 15:22:11'),
(268, 26, 'Prof. Brenna Kemmer', 'Sint necessitatibus aliquam eligendi quae. Suscipit maiores non aut at illum ullam adipisci sapiente. Provident ad nobis ut voluptatum ratione architecto. Dolor nulla voluptates consequatur necessitatibus rem rem.', 4, '2018-10-31 15:22:11', '2018-10-31 15:22:11'),
(269, 43, 'Idella Herman', 'Delectus ut porro est sunt. Qui omnis non officiis consequatur distinctio consequatur. Impedit nulla voluptatibus autem maxime perspiciatis aut.', 2, '2018-10-31 15:22:12', '2018-10-31 15:22:12'),
(270, 46, 'Prof. Shyanne Farrell DVM', 'Vero quia architecto occaecati. Nisi voluptatem aperiam id harum dicta velit. Sunt blanditiis facilis suscipit labore. Inventore doloremque sit esse possimus.', 3, '2018-10-31 15:22:12', '2018-10-31 15:22:12'),
(271, 2, 'Lavonne Crooks', 'Ducimus adipisci reiciendis ut non dolorem. Numquam aut voluptates dolores voluptatem perspiciatis. Quas aperiam eos harum est expedita.', 1, '2018-10-31 15:22:12', '2018-10-31 15:22:12'),
(272, 46, 'Lincoln Pfeffer', 'Deleniti libero illo ratione aut debitis vitae. Ut nam architecto dicta nemo reprehenderit dolorem. Fugit vel laboriosam aut totam expedita. Optio sunt et id molestiae facilis eum.', 0, '2018-10-31 15:22:12', '2018-10-31 15:22:12'),
(273, 21, 'Madisen Stehr', 'Assumenda natus inventore incidunt sapiente omnis quibusdam. Repellat quia suscipit qui consequatur iste nam. Rerum reprehenderit dignissimos ad voluptatibus sapiente.', 1, '2018-10-31 15:22:12', '2018-10-31 15:22:12'),
(274, 35, 'Abbie Bernier Sr.', 'Voluptates possimus consequatur quo laudantium et ut aut. Sequi eum laudantium iusto quibusdam itaque qui. Sit corrupti quis quasi libero facilis cumque beatae cumque. Corporis similique consequatur nostrum molestiae ut officiis. Provident voluptas quod dolorem ratione est.', 1, '2018-10-31 15:22:12', '2018-10-31 15:22:12'),
(275, 6, 'Yoshiko Turcotte', 'Officia ab facere voluptatibus beatae accusamus nulla. Voluptas deleniti mollitia non excepturi similique. Quia sed explicabo nulla necessitatibus error dolore. Est quia eligendi nemo accusamus tenetur.', 4, '2018-10-31 15:22:12', '2018-10-31 15:22:12'),
(276, 26, 'Mellie Kuvalis', 'Maxime explicabo dolores commodi amet fugit. Facilis sunt rerum doloribus ullam. Delectus porro cupiditate dolore blanditiis voluptas et quo.', 3, '2018-10-31 15:22:12', '2018-10-31 15:22:12'),
(277, 27, 'Nash Russel Sr.', 'Quia voluptatum sint tenetur repellendus consequuntur veritatis. Sint in aliquid recusandae officiis. Accusantium accusantium impedit repellendus sint at quisquam dignissimos quas. Aut impedit natus veritatis voluptatum doloremque cum blanditiis atque.', 1, '2018-10-31 15:22:12', '2018-10-31 15:22:12'),
(278, 39, 'Zackary Gulgowski Jr.', 'Iste deserunt molestias veniam autem assumenda quibusdam accusamus qui. Sed aspernatur vel aliquam in. Veritatis et harum in vel deleniti.', 4, '2018-10-31 15:22:12', '2018-10-31 15:22:12'),
(279, 14, 'Alexzander Morar', 'Non et impedit quibusdam molestiae velit magni quam ipsum. Et ut ea quam omnis ea culpa. Sit unde asperiores incidunt soluta tenetur similique voluptates.', 0, '2018-10-31 15:22:12', '2018-10-31 15:22:12'),
(280, 10, 'Paige Hahn', 'Voluptates est dolor vel exercitationem. Quae eos pariatur eligendi quam et et quisquam. Nihil voluptatem dolor ea consequatur. Temporibus autem magni deserunt officia expedita error nobis voluptates.', 1, '2018-10-31 15:22:12', '2018-10-31 15:22:12'),
(281, 25, 'Devan VonRueden DDS', 'Explicabo quo odit dolores quis. Quo ab id pariatur voluptas minima et.', 2, '2018-10-31 15:22:12', '2018-10-31 15:22:12'),
(282, 31, 'German Hilpert I', 'Non corporis dolorem qui voluptatem est. Eius ipsa nesciunt sit corporis. Nihil ex quisquam dolor veniam eveniet dolorem quos sint.', 0, '2018-10-31 15:22:12', '2018-10-31 15:22:12'),
(283, 37, 'Lavina Purdy I', 'Quis nihil odit et id occaecati. Labore explicabo quae est odit quae facilis. Quisquam praesentium facilis dolores voluptatibus quos qui facilis. Omnis eos aut fugit quo provident.', 5, '2018-10-31 15:22:12', '2018-10-31 15:22:12'),
(284, 44, 'Dr. Darren Berge', 'Sequi aliquam suscipit quae reiciendis dolorem quas. Ab et voluptas quas illum nihil similique. Est veniam quia non qui voluptatem quaerat. Aut ipsa voluptates ratione in voluptatibus nihil.', 4, '2018-10-31 15:22:12', '2018-10-31 15:22:12'),
(285, 18, 'Lauren Smith', 'Maiores ipsam autem eum consequuntur. Et quia omnis dolor sed sed. Tenetur labore sint aut facilis.', 2, '2018-10-31 15:22:12', '2018-10-31 15:22:12'),
(286, 20, 'Floyd Reichert', 'Natus quos excepturi sunt aut. Officia ipsa odit laboriosam deserunt alias molestiae doloribus. Suscipit neque consectetur et delectus voluptatem nisi. Nesciunt odio deserunt et quod itaque assumenda.', 5, '2018-10-31 15:22:12', '2018-10-31 15:22:12'),
(287, 25, 'Derek Osinski', 'Sequi nisi eum et. Iusto neque officia perferendis dolor dolores facere commodi.', 1, '2018-10-31 15:22:12', '2018-10-31 15:22:12'),
(288, 13, 'Aliya Labadie', 'Ratione libero est eligendi eum. Fugit molestias dolor ut natus. Veritatis odio vero impedit tempore nihil facere.', 4, '2018-10-31 15:22:12', '2018-10-31 15:22:12'),
(289, 30, 'Dr. Abagail Schumm', 'Impedit magni cumque magnam nostrum enim veritatis. Reiciendis porro est non aperiam. Consequatur fuga sequi quae quidem dolores vel accusamus.', 5, '2018-10-31 15:22:12', '2018-10-31 15:22:12'),
(290, 5, 'Fredrick Gutkowski', 'Ut nemo nostrum consequatur sint sunt quibusdam sit. Eum nam eaque vero aut.', 2, '2018-10-31 15:22:12', '2018-10-31 15:22:12'),
(291, 31, 'Ashtyn Thiel', 'Iste totam eum repudiandae et ullam vel et. Veniam ex quidem aliquam.', 5, '2018-10-31 15:22:12', '2018-10-31 15:22:12'),
(292, 44, 'Wava Strosin', 'Consequuntur aliquam odio sit minima repudiandae. Velit unde ipsum laboriosam aliquid. A voluptate quam et suscipit qui dignissimos. Dolore qui totam aspernatur magni repudiandae.', 1, '2018-10-31 15:22:12', '2018-10-31 15:22:12'),
(293, 28, 'Adela Murray', 'Deleniti ut deserunt ut maxime. Necessitatibus rerum nesciunt consequatur harum voluptas aut veniam dicta. Perferendis explicabo et fugit eligendi molestias et.', 4, '2018-10-31 15:22:12', '2018-10-31 15:22:12'),
(294, 48, 'Prof. Elena Vandervort III', 'Placeat a id dolorum debitis. Quibusdam fugit in quis iste. Eaque eligendi fugiat asperiores. In ut ea excepturi. Optio excepturi laborum hic sit occaecati.', 5, '2018-10-31 15:22:12', '2018-10-31 15:22:12'),
(295, 47, 'Cristian Kassulke', 'Dignissimos distinctio id minima nobis nemo est rerum. Mollitia sit optio qui error veniam.', 5, '2018-10-31 15:22:12', '2018-10-31 15:22:12'),
(296, 13, 'Keshawn Goyette', 'Odio in ratione voluptatem placeat porro. Doloremque qui odit facere quaerat ducimus at. Velit consequatur eaque corrupti qui repellendus nulla. Et provident possimus quia laudantium iure.', 2, '2018-10-31 15:22:13', '2018-10-31 15:22:13'),
(297, 16, 'Dr. Dashawn Champlin', 'Maxime non aliquid necessitatibus numquam ullam. Porro aut veniam qui et nesciunt dolor consequatur sint. Excepturi rerum molestias voluptatem aut soluta nesciunt.', 3, '2018-10-31 15:22:13', '2018-10-31 15:22:13'),
(298, 9, 'Rosalee Lubowitz', 'Praesentium sit reprehenderit quia vel quam officiis. Voluptas voluptas perspiciatis voluptatem illo suscipit. Ad aspernatur in atque. Accusantium soluta sit delectus eum est a.', 4, '2018-10-31 15:22:13', '2018-10-31 15:22:13'),
(299, 11, 'Everette Ward', 'Soluta fuga consectetur sunt. In officiis quas eaque ea cupiditate odit. In libero qui qui rem et. Assumenda facilis illum est voluptas molestiae eos a.', 5, '2018-10-31 15:22:13', '2018-10-31 15:22:13'),
(300, 23, 'Mr. Marcellus Stanton Jr.', 'Sapiente ut ipsum repellendus. Ratione id aliquam iste molestiae.', 5, '2018-10-31 15:22:13', '2018-10-31 15:22:13');

-- --------------------------------------------------------

--
-- Table structure for table `users`
--

CREATE TABLE `users` (
  `id` int(10) UNSIGNED NOT NULL,
  `name` varchar(191) COLLATE utf8mb4_unicode_ci NOT NULL,
  `email` varchar(191) COLLATE utf8mb4_unicode_ci NOT NULL,
  `password` varchar(191) COLLATE utf8mb4_unicode_ci NOT NULL,
  `remember_token` varchar(100) COLLATE utf8mb4_unicode_ci DEFAULT NULL,
  `created_at` timestamp NULL DEFAULT NULL,
  `updated_at` timestamp NULL DEFAULT NULL
) ENGINE=InnoDB DEFAULT CHARSET=utf8mb4 COLLATE=utf8mb4_unicode_ci;

--
-- Indexes for dumped tables
--

--
-- Indexes for table `migrations`
--
ALTER TABLE `migrations`
  ADD PRIMARY KEY (`id`);

--
-- Indexes for table `password_resets`
--
ALTER TABLE `password_resets`
  ADD KEY `password_resets_email_index` (`email`);

--
-- Indexes for table `products`
--
ALTER TABLE `products`
  ADD PRIMARY KEY (`id`);

--
-- Indexes for table `reviews`
--
ALTER TABLE `reviews`
  ADD PRIMARY KEY (`id`),
  ADD KEY `reviews_product_id_index` (`product_id`);

--
-- Indexes for table `users`
--
ALTER TABLE `users`
  ADD PRIMARY KEY (`id`),
  ADD UNIQUE KEY `users_email_unique` (`email`);

--
-- AUTO_INCREMENT for dumped tables
--

--
-- AUTO_INCREMENT for table `migrations`
--
ALTER TABLE `migrations`
  MODIFY `id` int(10) UNSIGNED NOT NULL AUTO_INCREMENT, AUTO_INCREMENT=5;
--
-- AUTO_INCREMENT for table `products`
--
ALTER TABLE `products`
  MODIFY `id` int(10) UNSIGNED NOT NULL AUTO_INCREMENT, AUTO_INCREMENT=51;
--
-- AUTO_INCREMENT for table `reviews`
--
ALTER TABLE `reviews`
  MODIFY `id` int(10) UNSIGNED NOT NULL AUTO_INCREMENT, AUTO_INCREMENT=301;
--
-- AUTO_INCREMENT for table `users`
--
ALTER TABLE `users`
  MODIFY `id` int(10) UNSIGNED NOT NULL AUTO_INCREMENT;
--
-- Constraints for dumped tables
--

--
-- Constraints for table `reviews`
--
ALTER TABLE `reviews`
  ADD CONSTRAINT `reviews_product_id_foreign` FOREIGN KEY (`product_id`) REFERENCES `products` (`id`) ON DELETE CASCADE;

/*!40101 SET CHARACTER_SET_CLIENT=@OLD_CHARACTER_SET_CLIENT */;
/*!40101 SET CHARACTER_SET_RESULTS=@OLD_CHARACTER_SET_RESULTS */;
/*!40101 SET COLLATION_CONNECTION=@OLD_COLLATION_CONNECTION */;
